{
  "APPLEADMIN.WORKFLOWS.SELECTSTORESTEP.LABEL": "Update Pricing by Store",
  "APPLEADMIN.WORKFLOWS.SELECTPRODUCTSTEP.LABEL": "Update Pricing by Product",
  "APPLEADMIN.TABS.SELECTSTORES.LABEL": "Select Stores",
  "APPLEADMIN.TABS.SELECTPRODUCTS.LABEL": "Select Products",
  "APPLEADMIN.TABS.UPDATEPRICE.LABEL": "Update Price",
  "APPLEADMIN.TABS.PREVIEW.LABEL": "Preview",
  "APPLEADMIN.SELECTEDSTORE.TITLE.TEXT": "You have Selected the following Stores:",
  "APPLEADMIN.SELECTSTORETOUPDATEORCLONE.TITLE.TEXT": "Select stores to update or clone pricing",
  "APPLEADMIN.SELECTSTORETOUPDATE.TITLE.TEXT": "Select stores to update pricing",
  "APPLEADMIN.SELECTSTORES.UPDATEPRICING.LABEL": "Update pricing",
  "APPLEADMIN.SELECTSTORES.DOWNLOADTEMPLATE.LABEL": "Bulk Pricing Template - Download",
  "APPLEADMIN.SELECTSTORES.UPLOADTEMPLATE.LABEL": "Bulk Pricing Template - Upload",
  "APPLEADMIN.SELECTSTORES.DOWNLOADPRICE.LINK.LABEL": "Download Price",
  "APPLEADMIN.SELECTSTORES.STORES.LABEL": "Stores",
  "APPLEADMIN.SELECTSTORES.SEARCH.LABEL": "Search",
  "APPLEADMIN.SELECTSTORES.SEARCH.PLACEHOLDER": "Search...",
  "APPLEADMIN.SELECTSTORES.STORE_NAME.LABEL": "STORE NAME",
  "APPLEADMIN.SELECTSTORES.APPLE_ID.LABEL": "APPLE ID",
  "APPLEADMIN.SELECTSTORES.HQ_ID.LABEL": "HQ ID",
  "APPLEADMIN.SELECTSTORES.PARTNER_ID.LABEL": "PARTNER ID",
  "APPLEADMIN.SELECTSTORES.PRICING_STATUS.LABEL": "PRICING STATUS",
  "APPLEADMIN.SELECTSTORES.CITY.LABEL": "CITY",
  "APPLEADMIN.SELECTSTORES.COUNTRY.LABEL": "COUNTRY",
  "APPLEADMIN.SELECTSTORES.CURRENCY.LABEL": "CURRENCY",
  "APPLEADMIN.SELECTSTORES.PRICING.LABEL": "PRICING",
  "APPLEADMIN.SELECTSTORES.TAX.LABEL": "Tax",
  "APPLEADMIN.SELECTSTORES.HIDESHOWASSORTMENT.BUTTON.LABEL": "Hide/Show Assortment",
  "APPLEADMIN.SELECTPRODUCTS.SELECTPRODUCTS.BUTTON.LABEL": "Select Products",
  "APPLEADMIN.SELECTPRODUCTS.TITLE.TEXT": "Select Products to update pricing",
  "APPLEADMIN.UPDATEPRICE.CLEAR.LABEL": "Clear",
  "APPLEADMIN.UPDATEPRICE.SAVEANDCONTINUE.LABEL": "Save & Continue",
  "APPLEADMIN.UPDATEPRICE.COPYTO.LABEL": "Copy To",
  "APPLEADMIN.UPDATEPRICE.COPY_PRICES.LABEL": "Select Products to Copy Prices to",
  "APPLEADMIN.UPDATEPRICE.CANCEL.LABEL": "Cancel",
  "APPLEADMIN.UPDATEPRICE.SAVE.LABEL": "Save",
  "APPLEADMIN.UPDATEPRICE.SELECT.LABEL": "Select",
  "APPLEADMIN.UPDATEPRICE.TAXINCLUSIVE.LABEL": "Tax Inclusive",
  "APPLEADMIN.UPDATEPRICE.TAXEXCLUSIVE.LABEL": "Tax Exclusive",
  "APPLEADMIN.UPDATEPRICE.CARRIER_PLAN_NAME.LABEL": "CARRIER PLAN NAME",
  "APPLEADMIN.UPDATEPRICE.SUPPORTING_COPY.LABEL": "Supporting Copy",
  "APPLEADMIN.UPDATEPRICE.VALUE_PROPOSITION.LABEL": "Value Proposition",
  "APPLEADMIN.UPDATEPRICE.PRICE_ELE_DESC.LABEL": "price element description",
  "APPLEADMIN.UPDATEPRICE.PRICE_ELE_NUM.LABEL": "price element number",
  "APPLEADMIN.UPDATEPRICE.PRICE_ELE_CONTRACT_TERM.LABEL": "price element contract term",
  "APPLEADMIN.UPDATEPRICE.OTHER_PRICE_AVAIL.LABEL": "Other Prices Available",
  "APPLEADMIN.UPDATEPRICE.PARTNER_TC.LABEL": "Partner T&C",
  "APPLEADMIN.UPDATEPRICE.GEO_SPEC_LEGAL.LABEL": "Geo Specific Legal",
  "APPLEADMIN.UPDATEPRICE.AFFORDABILITY.LABEL": "AFFORDABILITY",
  "APPLEADMIN.UPDATEPRICE.APPLE_TC.LABEL": "Apple T&C",
  "APPLEADMIN.PREVIEW.PUBLISH.BUTTON.LABEL": "Publish",
  "APPLEADMIN.PREVIEW.SUCCESSMSG.LABEL": "Price Updated Successfully",
  "APPLEADMIN.PREVIEW.PRODUCTSUPDATED.LABEL": "Products Updated",
  "APPLEADMIN.PREVIEW.TITLE.LABEL": "Please review the changes"
}
