{
  "product": [{
    "subLobId": "iphone 4",
    "mpn": "iphone64Gray",
    "mpnDisplayName": "Iphone 64Gb Gray",
    "posIds": ["123"]
  }, {
    "subLobId": "iphone 4",
    "mpn": "iphone16Gray",
    "mpnDisplayName": "Iphone 16Gb Gray",
    "posIds": ["123"]
  }, {
    "subLobId": "iphone 9",
    "mpn": "test21",
    "mpnDisplayName": "Iphone 64Gb Gray",
    "posIds": ["123"]
  }],
  "productPrice": [{
    "priceId": null,
    "posId": "123",
    "mpn": "iphone64Gray",
    "currency": null,
    "createdDate": null,
    "createdBy": null,
    "lastUpdatedDate": null,
    "lastUpdatedBy": null,
    "price": {
      "planName": "Verizon Plan Name",
      "supportingCopy": null,
      "valueProposition": null,
      "otherPricesAvailable": null,
      "affordability": "afforatability",
      "appleTC": "Apple Terms and conditions",
      "partnerTC": "Partner Terms and Condition ",
      "geoSpecificLegal": null,
      "partnetPosId": null,
      "mpnPartnerName": null,
      "pricePlan": [{
        "priceOptionName": "BASE_PRICE",
        "price": 33.99,
        "priceContractTerm": "MONTHS_12_APR"
      }, {
        "priceOptionName": "MONTHLY_PRICE",
        "price": 33.99,
        "priceContractTerm": "MONTHS_12_APR"
      }, {
        "priceOptionName": "STARTING_FROM",
        "price": 33.99,
        "priceContractTerm": "MONTHS_12_APR"
      }]
    },
    "enabled": false
  }, {
    "priceId": null,
    "posId": "123",
    "mpn": "iphone16Gray",
    "currency": null,
    "createdDate": null,
    "createdBy": null,
    "lastUpdatedDate": null,
    "lastUpdatedBy": null,
    "price": {
      "planName": "Verizon Plan Name",
      "supportingCopy": null,
      "valueProposition": null,
      "otherPricesAvailable": null,
      "affordability": "afforatability",
      "appleTC": "Apple Terms and conditions",
      "partnerTC": "Partner Terms and Condition ",
      "geoSpecificLegal": null,
      "partnetPosId": null,
      "mpnPartnerName": null,
      "pricePlan": [{
        "priceOptionName": "BASE_PRICE",
        "price": 33.99,
        "priceContractTerm": "MONTHS_12_APR"
      }, {
        "priceOptionName": "MONTHLY_PRICE",
        "price": 33.99,
        "priceContractTerm": "MONTHS_12_APR"
      }, {
        "priceOptionName": "STARTING_FROM",
        "price": 33.99,
        "priceContractTerm": "MONTHS_12_APR"
      }]
    },
    "enabled": false
  }, {
    "priceId": null,
    "posId": "123",
    "mpn": "test21",
    "currency": null,
    "createdDate": null,
    "createdBy": null,
    "lastUpdatedDate": null,
    "lastUpdatedBy": null,
    "price": {
      "planName": "Verizon Plan Name",
      "supportingCopy": null,
      "valueProposition": null,
      "otherPricesAvailable": null,
      "affordability": "afforatability",
      "appleTC": "Apple Terms and conditions",
      "partnerTC": "Partner Terms and Condition ",
      "geoSpecificLegal": null,
      "partnetPosId": null,
      "mpnPartnerName": null,
      "pricePlan": [{
        "priceOptionName": "BASE_PRICE",
        "price": 33.99,
        "priceContractTerm": "MONTHS_12_APR"
      }, {
        "priceOptionName": "MONTHLY_PRICE",
        "price": 33.99,
        "priceContractTerm": "MONTHS_12_APR"
      }, {
        "priceOptionName": "STARTING_FROM",
        "price": 33.99,
        "priceContractTerm": "MONTHS_12_APR"
      }]
    },
    "enabled": false
  }]
}
