{
  "storeList": [{
    "posId": "32534",
    "hqId": "32534",
    "storeName": "SOFTWARE PLUS",
    "partnerId": null,
    "pricingStatus": [{
      "lobName": "iPhone",
      "status": 4
    }, {
      "lobName": "iPad",
      "status": 4
    }, {
      "lobName": "Mac",
      "status": 4
    }, {
      "lobName": "Watch",
      "status": 4
    }],
    "city": "SAINT LOUIS",
    "country": "US",
    "isPricingEnable": false,
    "currency": "$"
  }, {
    "posId": "30998",
    "hqId": "30998",
    "storeName": "EAGLETEK, INC.",
    "partnerId": null,
    "pricingStatus": [{
      "lobName": "iPhone",
      "status": 4
    }, {
      "lobName": "iPad",
      "status": 4
    }, {
      "lobName": "Mac",
      "status": 4
    }, {
      "lobName": "Watch",
      "status": 4
    }],
    "city": "EAGLE-VAIL,",
    "country": "US",
    "isPricingEnable": false,
    "currency": "$"
  }, {
    "posId": "94993",
    "hqId": "32573",
    "storeName": "DIGIDESIGN",
    "partnerId": null,
    "pricingStatus": [{
      "lobName": "iPhone",
      "status": 4
    }, {
      "lobName": "iPad",
      "status": 4
    }, {
      "lobName": "Mac",
      "status": 4
    }, {
      "lobName": "Watch",
      "status": 4
    }],
    "city": "MENLO PARK",
    "country": "US",
    "isPricingEnable": false,
    "currency": "$"
  }, {
    "posId": "32915",
    "hqId": "32573",
    "storeName": "DIGIDESIGN",
    "partnerId": null,
    "pricingStatus": [{
      "lobName": "iPhone",
      "status": 4
    }, {
      "lobName": "iPad",
      "status": 4
    }, {
      "lobName": "Mac",
      "status": 4
    }, {
      "lobName": "Watch",
      "status": 4
    }],
    "city": "DALY CITY",
    "country": "US",
    "isPricingEnable": false,
    "currency": "$"
  }, {
    "posId": "32535",
    "hqId": "32535",
    "storeName": "STAPLES",
    "partnerId": null,
    "pricingStatus": [{
      "lobName": "iPhone",
      "status": 4
    }, {
      "lobName": "iPad",
      "status": 4
    }, {
      "lobName": "Mac",
      "status": 4
    }, {
      "lobName": "Watch",
      "status": 4
    }],
    "city": "FRAMINGHAM",
    "country": "US",
    "isPricingEnable": false,
    "currency": "$"
  }, {
    "posId": "32585",
    "hqId": "32585",
    "storeName": "THIRD MILLENNIUM DESIGN INC",
    "partnerId": null,
    "pricingStatus": [{
      "lobName": "iPhone",
      "status": 4
    }, {
      "lobName": "iPad",
      "status": 4
    }, {
      "lobName": "Mac",
      "status": 4
    }, {
      "lobName": "Watch",
      "status": 4
    }],
    "city": "MILWAUKEE",
    "country": "US",
    "isPricingEnable": false,
    "currency": "$"
  }, {
    "posId": "101691",
    "hqId": "32581",
    "storeName": "TECHNOLOGY REVEALED LLC",
    "partnerId": null,
    "pricingStatus": [{
      "lobName": "iPhone",
      "status": 4
    }, {
      "lobName": "iPad",
      "status": 4
    }, {
      "lobName": "Mac",
      "status": 4
    }, {
      "lobName": "Watch",
      "status": 4
    }],
    "city": "MILFORD",
    "country": "US",
    "isPricingEnable": false,
    "currency": "$"
  }, {
    "posId": "95489",
    "hqId": "63125",
    "storeName": "BRIGHAM YOUNG UNIVERSITY",
    "partnerId": null,
    "pricingStatus": [{
      "lobName": "iPhone",
      "status": 4
    }, {
      "lobName": "iPad",
      "status": 4
    }, {
      "lobName": "Mac",
      "status": 4
    }, {
      "lobName": "Watch",
      "status": 4
    }],
    "city": "PROVO",
    "country": "US",
    "isPricingEnable": false,
    "currency": "$"
  }, {
    "posId": "95491",
    "hqId": "63127",
    "storeName": "BROWN UNIVERSITY",
    "partnerId": null,
    "pricingStatus": [{
      "lobName": "iPhone",
      "status": 4
    }, {
      "lobName": "iPad",
      "status": 4
    }, {
      "lobName": "Mac",
      "status": 4
    }, {
      "lobName": "Watch",
      "status": 4
    }],
    "city": "PROVIDENCE",
    "country": "US",
    "isPricingEnable": false,
    "currency": "$"
  }, {
    "posId": "29862",
    "hqId": "29882",
    "storeName": "THE CHIP INC",
    "partnerId": null,
    "pricingStatus": [{
      "lobName": "iPhone",
      "status": 4
    }, {
      "lobName": "iPad",
      "status": 4
    }, {
      "lobName": "Mac",
      "status": 4
    }, {
      "lobName": "Watch",
      "status": 4
    }],
    "city": "LOS ANGELES",
    "country": "US",
    "isPricingEnable": false,
    "currency": "$"
  }, {
    "posId": "29891",
    "hqId": "29891",
    "storeName": "L&W SYSTEMS",
    "partnerId": null,
    "pricingStatus": [{
      "lobName": "iPhone",
      "status": 4
    }, {
      "lobName": "iPad",
      "status": 4
    }, {
      "lobName": "Mac",
      "status": 4
    }, {
      "lobName": "Watch",
      "status": 4
    }],
    "city": "WEST CHESTER",
    "country": "US",
    "isPricingEnable": false,
    "currency": "$"
  }, {
    "posId": "32591",
    "hqId": "32591",
    "storeName": "NET-SMART INC",
    "partnerId": null,
    "pricingStatus": [{
      "lobName": "iPhone",
      "status": 4
    }, {
      "lobName": "iPad",
      "status": 4
    }, {
      "lobName": "Mac",
      "status": 4
    }, {
      "lobName": "Watch",
      "status": 4
    }],
    "city": "DUBUQUE",
    "country": "US",
    "isPricingEnable": false,
    "currency": "$"
  }, {
    "posId": "29863",
    "hqId": "29863",
    "storeName": "HOLLYTRON",
    "partnerId": null,
    "pricingStatus": [{
      "lobName": "iPhone",
      "status": 4
    }, {
      "lobName": "iPad",
      "status": 4
    }, {
      "lobName": "Mac",
      "status": 4
    }, {
      "lobName": "Watch",
      "status": 4
    }],
    "city": "LOS ANGELES",
    "country": "US",
    "isPricingEnable": false,
    "currency": "$"
  }, {
    "posId": "29851",
    "hqId": "29851",
    "storeName": "SOFTCARE  LLC",
    "partnerId": null,
    "pricingStatus": [{
      "lobName": "iPhone",
      "status": 4
    }, {
      "lobName": "iPad",
      "status": 4
    }, {
      "lobName": "Mac",
      "status": 4
    }, {
      "lobName": "Watch",
      "status": 4
    }],
    "city": "POTOMAC",
    "country": "US",
    "isPricingEnable": false,
    "currency": "$"
  }, {
    "posId": "31036",
    "hqId": "31036",
    "storeName": "MILLENNIUM 2 COMPUTER TECHNOLOGIES",
    "partnerId": null,
    "pricingStatus": [{
      "lobName": "iPhone",
      "status": 4
    }, {
      "lobName": "iPad",
      "status": 4
    }, {
      "lobName": "Mac",
      "status": 4
    }, {
      "lobName": "Watch",
      "status": 4
    }],
    "city": "CHEYENNE,",
    "country": "US",
    "isPricingEnable": false,
    "currency": "$"
  }, {
    "posId": "29916",
    "hqId": "29916",
    "storeName": "ADVANCED INFORMATION MANAGERS",
    "partnerId": null,
    "pricingStatus": [{
      "lobName": "iPhone",
      "status": 4
    }, {
      "lobName": "iPad",
      "status": 4
    }, {
      "lobName": "Mac",
      "status": 4
    }, {
      "lobName": "Watch",
      "status": 4
    }],
    "city": "ASHTABULA",
    "country": "US",
    "isPricingEnable": false,
    "currency": "$"
  }, {
    "posId": "31026",
    "hqId": "31026",
    "storeName": "TOAST TECHNOLOGIES INC",
    "partnerId": null,
    "pricingStatus": [{
      "lobName": "iPhone",
      "status": 4
    }, {
      "lobName": "iPad",
      "status": 4
    }, {
      "lobName": "Mac",
      "status": 4
    }, {
      "lobName": "Watch",
      "status": 4
    }],
    "city": "MALDEN",
    "country": "US",
    "isPricingEnable": false,
    "currency": "$"
  }, {
    "posId": "29904",
    "hqId": "29904",
    "storeName": "THE COMPUTER NETWORK",
    "partnerId": null,
    "pricingStatus": [{
      "lobName": "iPhone",
      "status": 4
    }, {
      "lobName": "iPad",
      "status": 4
    }, {
      "lobName": "Mac",
      "status": 4
    }, {
      "lobName": "Watch",
      "status": 4
    }],
    "city": "GOLETA",
    "country": "US",
    "isPricingEnable": false,
    "currency": "$"
  }, {
    "posId": "31010",
    "hqId": "31010",
    "storeName": "ACME MEMORY COMPANY",
    "partnerId": null,
    "pricingStatus": [{
      "lobName": "iPhone",
      "status": 4
    }, {
      "lobName": "iPad",
      "status": 4
    }, {
      "lobName": "Mac",
      "status": 4
    }, {
      "lobName": "Watch",
      "status": 4
    }],
    "city": "NEWARK",
    "country": "US",
    "isPricingEnable": false,
    "currency": "$"
  }, {
    "posId": "31022",
    "hqId": "31022",
    "storeName": "TRINET SYSTEMS INC",
    "partnerId": null,
    "pricingStatus": [{
      "lobName": "iPhone",
      "status": 4
    }, {
      "lobName": "iPad",
      "status": 4
    }, {
      "lobName": "Mac",
      "status": 4
    }, {
      "lobName": "Watch",
      "status": 4
    }],
    "city": "EXTON",
    "country": "US",
    "isPricingEnable": false,
    "currency": "$"
  }, {
    "posId": "31016",
    "hqId": "31016",
    "storeName": "COMPUTER LINK",
    "partnerId": null,
    "pricingStatus": [{
      "lobName": "iPhone",
      "status": 4
    }, {
      "lobName": "iPad",
      "status": 4
    }, {
      "lobName": "Mac",
      "status": 4
    }, {
      "lobName": "Watch",
      "status": 4
    }],
    "city": "STOCKTON",
    "country": "US",
    "isPricingEnable": false,
    "currency": "$"
  }, {
    "posId": "29910",
    "hqId": "29910",
    "storeName": "SABREDATA, INC.",
    "partnerId": null,
    "pricingStatus": [{
      "lobName": "iPhone",
      "status": 4
    }, {
      "lobName": "iPad",
      "status": 4
    }, {
      "lobName": "Mac",
      "status": 4
    }, {
      "lobName": "Watch",
      "status": 4
    }],
    "city": "AUSTIN",
    "country": "US",
    "isPricingEnable": false,
    "currency": "$"
  }, {
    "posId": "31021",
    "hqId": "31021",
    "storeName": "INTEC, INC.",
    "partnerId": null,
    "pricingStatus": [{
      "lobName": "iPhone",
      "status": 4
    }, {
      "lobName": "iPad",
      "status": 4
    }, {
      "lobName": "Mac",
      "status": 4
    }, {
      "lobName": "Watch",
      "status": 4
    }],
    "city": "ST. LOUIS",
    "country": "US",
    "isPricingEnable": false,
    "currency": "$"
  }, {
    "posId": "62030",
    "hqId": "62030",
    "storeName": "MONTANA COMPUTER WHOLESALERS",
    "partnerId": null,
    "pricingStatus": [{
      "lobName": "iPhone",
      "status": 4
    }, {
      "lobName": "iPad",
      "status": 4
    }, {
      "lobName": "Mac",
      "status": 4
    }, {
      "lobName": "Watch",
      "status": 4
    }],
    "city": "GREAT FALLS",
    "country": "US",
    "isPricingEnable": false,
    "currency": "$"
  }, {
    "posId": "32687",
    "hqId": "32687",
    "storeName": "ELITE TECHNICAL SERVICES INC",
    "partnerId": null,
    "pricingStatus": [{
      "lobName": "iPhone",
      "status": 4
    }, {
      "lobName": "iPad",
      "status": 4
    }, {
      "lobName": "Mac",
      "status": 4
    }, {
      "lobName": "Watch",
      "status": 4
    }],
    "city": "HAMILTON",
    "country": "US",
    "isPricingEnable": false,
    "currency": "$"
  }, {
    "posId": "32784",
    "hqId": "32784",
    "storeName": "ETECH COMPUTER OUTFITTERS",
    "partnerId": null,
    "pricingStatus": [{
      "lobName": "iPhone",
      "status": 4
    }, {
      "lobName": "iPad",
      "status": 4
    }, {
      "lobName": "Mac",
      "status": 4
    }, {
      "lobName": "Watch",
      "status": 4
    }],
    "city": "DAVENPORT",
    "country": "US",
    "isPricingEnable": false,
    "currency": "$"
  }, {
    "posId": "98731",
    "hqId": "63137",
    "storeName": "WILKES UNIVERSITY",
    "partnerId": null,
    "pricingStatus": [{
      "lobName": "iPhone",
      "status": 4
    }, {
      "lobName": "iPad",
      "status": 4
    }, {
      "lobName": "Mac",
      "status": 4
    }, {
      "lobName": "Watch",
      "status": 4
    }],
    "city": "WILKES-BARRE",
    "country": "US",
    "isPricingEnable": false,
    "currency": "$"
  }, {
    "posId": "32665",
    "hqId": "32665",
    "storeName": "HIGH BIT COMPUTER INC",
    "partnerId": null,
    "pricingStatus": [{
      "lobName": "iPhone",
      "status": 4
    }, {
      "lobName": "iPad",
      "status": 4
    }, {
      "lobName": "Mac",
      "status": 4
    }, {
      "lobName": "Watch",
      "status": 4
    }],
    "city": "GROTON",
    "country": "US",
    "isPricingEnable": false,
    "currency": "$"
  }, {
    "posId": "32667",
    "hqId": "32667",
    "storeName": "EDISON SCHOOLS INC",
    "partnerId": null,
    "pricingStatus": [{
      "lobName": "iPhone",
      "status": 4
    }, {
      "lobName": "iPad",
      "status": 4
    }, {
      "lobName": "Mac",
      "status": 4
    }, {
      "lobName": "Watch",
      "status": 4
    }],
    "city": "NEW YORK",
    "country": "US",
    "isPricingEnable": false,
    "currency": "$"
  }, {
    "posId": "32707",
    "hqId": "216809",
    "storeName": "DOCTORMAC",
    "partnerId": null,
    "pricingStatus": [{
      "lobName": "iPhone",
      "status": 4
    }, {
      "lobName": "iPad",
      "status": 4
    }, {
      "lobName": "Mac",
      "status": 4
    }, {
      "lobName": "Watch",
      "status": 4
    }],
    "city": "IRVINGTON",
    "country": "US",
    "isPricingEnable": false,
    "currency": "$"
  }, {
    "posId": "32793",
    "hqId": "32802",
    "storeName": "SEWELL TECH",
    "partnerId": null,
    "pricingStatus": [{
      "lobName": "iPhone",
      "status": 4
    }, {
      "lobName": "iPad",
      "status": 4
    }, {
      "lobName": "Mac",
      "status": 4
    }, {
      "lobName": "Watch",
      "status": 4
    }],
    "city": "DALLAS",
    "country": "US",
    "isPricingEnable": false,
    "currency": "$"
  }, {
    "posId": "32802",
    "hqId": "32802",
    "storeName": "SEWELLTECH",
    "partnerId": null,
    "pricingStatus": [{
      "lobName": "iPhone",
      "status": 4
    }, {
      "lobName": "iPad",
      "status": 4
    }, {
      "lobName": "Mac",
      "status": 4
    }, {
      "lobName": "Watch",
      "status": 4
    }],
    "city": "DALLAS",
    "country": "US",
    "isPricingEnable": false,
    "currency": "$"
  }, {
    "posId": "69982",
    "hqId": "63146",
    "storeName": "UNIVERSITY OF WASHINGTON APPLE RESALE PROGRAM",
    "partnerId": null,
    "pricingStatus": [{
      "lobName": "iPhone",
      "status": 4
    }, {
      "lobName": "iPad",
      "status": 4
    }, {
      "lobName": "Mac",
      "status": 4
    }, {
      "lobName": "Watch",
      "status": 4
    }],
    "city": "SEATTLE",
    "country": "US",
    "isPricingEnable": false,
    "currency": "$"
  }, {
    "posId": "63139",
    "hqId": "63139",
    "storeName": "WESTERN WASHINGTON UNIVERSITY",
    "partnerId": null,
    "pricingStatus": [{
      "lobName": "iPhone",
      "status": 4
    }, {
      "lobName": "iPad",
      "status": 4
    }, {
      "lobName": "Mac",
      "status": 4
    }, {
      "lobName": "Watch",
      "status": 4
    }],
    "city": "BELLINGHAM",
    "country": "US",
    "isPricingEnable": false,
    "currency": "$"
  }, {
    "posId": "29963",
    "hqId": "29963",
    "storeName": "WEST RIVER COMPUTER CENTER",
    "partnerId": null,
    "pricingStatus": [{
      "lobName": "iPhone",
      "status": 4
    }, {
      "lobName": "iPad",
      "status": 4
    }, {
      "lobName": "Mac",
      "status": 4
    }, {
      "lobName": "Watch",
      "status": 4
    }],
    "city": "RAPID CITY",
    "country": "US",
    "isPricingEnable": false,
    "currency": "$"
  }, {
    "posId": "29960",
    "hqId": "62762",
    "storeName": "ELITE COMPUTERS & SOFTWARE",
    "partnerId": null,
    "pricingStatus": [{
      "lobName": "iPhone",
      "status": 4
    }, {
      "lobName": "iPad",
      "status": 4
    }, {
      "lobName": "Mac",
      "status": 4
    }, {
      "lobName": "Watch",
      "status": 4
    }],
    "city": "SAN JOSE",
    "country": "US",
    "isPricingEnable": false,
    "currency": "$"
  }, {
    "posId": "63148",
    "hqId": "63149",
    "storeName": "UNIVERSITY OF VERMONT",
    "partnerId": null,
    "pricingStatus": [{
      "lobName": "iPhone",
      "status": 4
    }, {
      "lobName": "iPad",
      "status": 4
    }, {
      "lobName": "Mac",
      "status": 4
    }, {
      "lobName": "Watch",
      "status": 4
    }],
    "city": "BURLINGTON",
    "country": "US",
    "isPricingEnable": false,
    "currency": "$"
  }, {
    "posId": "63145",
    "hqId": "63144",
    "storeName": "MICROS AND MORE",
    "partnerId": null,
    "pricingStatus": [{
      "lobName": "iPhone",
      "status": 4
    }, {
      "lobName": "iPad",
      "status": 4
    }, {
      "lobName": "Mac",
      "status": 4
    }, {
      "lobName": "Watch",
      "status": 4
    }],
    "city": "KALAMAZOO",
    "country": "US",
    "isPricingEnable": false,
    "currency": "$"
  }, {
    "posId": "29964",
    "hqId": "29964",
    "storeName": "LOGICA, INC.",
    "partnerId": null,
    "pricingStatus": [{
      "lobName": "iPhone",
      "status": 4
    }, {
      "lobName": "iPad",
      "status": 4
    }, {
      "lobName": "Mac",
      "status": 4
    }, {
      "lobName": "Watch",
      "status": 4
    }],
    "city": "NEW YORK",
    "country": "US",
    "isPricingEnable": false,
    "currency": "$"
  }, {
    "posId": "29922",
    "hqId": "29922",
    "storeName": "DC PRO",
    "partnerId": null,
    "pricingStatus": [{
      "lobName": "iPhone",
      "status": 4
    }, {
      "lobName": "iPad",
      "status": 4
    }, {
      "lobName": "Mac",
      "status": 4
    }, {
      "lobName": "Watch",
      "status": 4
    }],
    "city": "ST. JAMES",
    "country": "US",
    "isPricingEnable": false,
    "currency": "$"
  }, {
    "posId": "29977",
    "hqId": "29977",
    "storeName": "NEVER LTD CORPORATION, T/A PERSONAL SOFTWARE",
    "partnerId": null,
    "pricingStatus": [{
      "lobName": "iPhone",
      "status": 4
    }, {
      "lobName": "iPad",
      "status": 4
    }, {
      "lobName": "Mac",
      "status": 4
    }, {
      "lobName": "Watch",
      "status": 4
    }],
    "city": "MALVERN",
    "country": "US",
    "isPricingEnable": false,
    "currency": "$"
  }, {
    "posId": "31072",
    "hqId": "31072",
    "storeName": "PROFESSIONAL COMPUTER CONSULTANTS",
    "partnerId": null,
    "pricingStatus": [{
      "lobName": "iPhone",
      "status": 4
    }, {
      "lobName": "iPad",
      "status": 4
    }, {
      "lobName": "Mac",
      "status": 4
    }, {
      "lobName": "Watch",
      "status": 4
    }],
    "city": "LOS ANGELES,",
    "country": "US",
    "isPricingEnable": false,
    "currency": "$"
  }, {
    "posId": "31071",
    "hqId": "31071",
    "storeName": "INNOVATIVE TECHNOLOGY SERVICES, LLC",
    "partnerId": null,
    "pricingStatus": [{
      "lobName": "iPhone",
      "status": 4
    }, {
      "lobName": "iPad",
      "status": 4
    }, {
      "lobName": "Mac",
      "status": 4
    }, {
      "lobName": "Watch",
      "status": 4
    }],
    "city": "MEXICO",
    "country": "US",
    "isPricingEnable": false,
    "currency": "$"
  }, {
    "posId": "29971",
    "hqId": "29971",
    "storeName": "OLD ORCHARD ASSOCIATES, INC.",
    "partnerId": null,
    "pricingStatus": [{
      "lobName": "iPhone",
      "status": 4
    }, {
      "lobName": "iPad",
      "status": 4
    }, {
      "lobName": "Mac",
      "status": 4
    }, {
      "lobName": "Watch",
      "status": 4
    }],
    "city": "MILLERSVILLE",
    "country": "US",
    "isPricingEnable": false,
    "currency": "$"
  }, {
    "posId": "31074",
    "hqId": "31074",
    "storeName": "MANN MICROCOMPUTER RESOURCES",
    "partnerId": null,
    "pricingStatus": [{
      "lobName": "iPhone",
      "status": 4
    }, {
      "lobName": "iPad",
      "status": 4
    }, {
      "lobName": "Mac",
      "status": 4
    }, {
      "lobName": "Watch",
      "status": 4
    }],
    "city": "BURLINGTON,",
    "country": "US",
    "isPricingEnable": false,
    "currency": "$"
  }, {
    "posId": "29978",
    "hqId": "29978",
    "storeName": "SYSTEMS INTEGRATION GROUP INC",
    "partnerId": null,
    "pricingStatus": [{
      "lobName": "iPhone",
      "status": 4
    }, {
      "lobName": "iPad",
      "status": 4
    }, {
      "lobName": "Mac",
      "status": 4
    }, {
      "lobName": "Watch",
      "status": 4
    }],
    "city": "HASTINGS",
    "country": "US",
    "isPricingEnable": false,
    "currency": "$"
  }, {
    "posId": "29973",
    "hqId": "29973",
    "storeName": "CROWN LITHO SUPPLY INC",
    "partnerId": null,
    "pricingStatus": [{
      "lobName": "iPhone",
      "status": 4
    }, {
      "lobName": "iPad",
      "status": 4
    }, {
      "lobName": "Mac",
      "status": 4
    }, {
      "lobName": "Watch",
      "status": 4
    }],
    "city": "MIDVALE",
    "country": "US",
    "isPricingEnable": false,
    "currency": "$"
  }, {
    "posId": "29965",
    "hqId": "29965",
    "storeName": "PPC GRAPHICS INC",
    "partnerId": null,
    "pricingStatus": [{
      "lobName": "iPhone",
      "status": 4
    }, {
      "lobName": "iPad",
      "status": 4
    }, {
      "lobName": "Mac",
      "status": 4
    }, {
      "lobName": "Watch",
      "status": 4
    }],
    "city": "HOUSTON",
    "country": "US",
    "isPricingEnable": false,
    "currency": "$"
  }, {
    "posId": "29968",
    "hqId": "29968",
    "storeName": "3F COMPUTERS INC",
    "partnerId": null,
    "pricingStatus": [{
      "lobName": "iPhone",
      "status": 4
    }, {
      "lobName": "iPad",
      "status": 4
    }, {
      "lobName": "Mac",
      "status": 4
    }, {
      "lobName": "Watch",
      "status": 4
    }],
    "city": "FREMONT",
    "country": "US",
    "isPricingEnable": false,
    "currency": "$"
  }, {
    "posId": "32861",
    "hqId": "32861",
    "storeName": "MID ATLANTIC DATA SYSTEMS INC",
    "partnerId": null,
    "pricingStatus": [{
      "lobName": "iPhone",
      "status": 4
    }, {
      "lobName": "iPad",
      "status": 4
    }, {
      "lobName": "Mac",
      "status": 4
    }, {
      "lobName": "Watch",
      "status": 4
    }],
    "city": "GAITHERSBURG",
    "country": "US",
    "isPricingEnable": false,
    "currency": "$"
  }, {
    "posId": "32851",
    "hqId": "32851",
    "storeName": "CAST & CREW COMPUTER SERVICES INC",
    "partnerId": null,
    "pricingStatus": [{
      "lobName": "iPhone",
      "status": 4
    }, {
      "lobName": "iPad",
      "status": 4
    }, {
      "lobName": "Mac",
      "status": 4
    }, {
      "lobName": "Watch",
      "status": 4
    }],
    "city": "BURBANK",
    "country": "US",
    "isPricingEnable": false,
    "currency": "$"
  }, {
    "posId": "31115",
    "hqId": "31115",
    "storeName": "DEMOTT BUSINESS SYSTEMS INC",
    "partnerId": null,
    "pricingStatus": [{
      "lobName": "iPhone",
      "status": 4
    }, {
      "lobName": "iPad",
      "status": 4
    }, {
      "lobName": "Mac",
      "status": 4
    }, {
      "lobName": "Watch",
      "status": 4
    }],
    "city": "TUCSON",
    "country": "US",
    "isPricingEnable": false,
    "currency": "$"
  }, {
    "posId": "31123",
    "hqId": "31123",
    "storeName": "HUTCHINSON CONSULTING NETWORK",
    "partnerId": null,
    "pricingStatus": [{
      "lobName": "iPhone",
      "status": 4
    }, {
      "lobName": "iPad",
      "status": 4
    }, {
      "lobName": "Mac",
      "status": 4
    }, {
      "lobName": "Watch",
      "status": 4
    }],
    "city": "MOAB,",
    "country": "US",
    "isPricingEnable": false,
    "currency": "$"
  }, {
    "posId": "31135",
    "hqId": "31135",
    "storeName": "P&H VIRTUAL COMPUTING",
    "partnerId": null,
    "pricingStatus": [{
      "lobName": "iPhone",
      "status": 4
    }, {
      "lobName": "iPad",
      "status": 4
    }, {
      "lobName": "Mac",
      "status": 4
    }, {
      "lobName": "Watch",
      "status": 4
    }],
    "city": "CROYDON,",
    "country": "US",
    "isPricingEnable": false,
    "currency": "$"
  }, {
    "posId": "31126",
    "hqId": "31126",
    "storeName": "METRO TECHNOLOGIES INC",
    "partnerId": null,
    "pricingStatus": [{
      "lobName": "iPhone",
      "status": 4
    }, {
      "lobName": "iPad",
      "status": 4
    }, {
      "lobName": "Mac",
      "status": 4
    }, {
      "lobName": "Watch",
      "status": 4
    }],
    "city": "MANASSAS",
    "country": "US",
    "isPricingEnable": false,
    "currency": "$"
  }, {
    "posId": "31084",
    "hqId": "31084",
    "storeName": "SOFT INFORMATION INC.",
    "partnerId": null,
    "pricingStatus": [{
      "lobName": "iPhone",
      "status": 4
    }, {
      "lobName": "iPad",
      "status": 4
    }, {
      "lobName": "Mac",
      "status": 4
    }, {
      "lobName": "Watch",
      "status": 4
    }],
    "city": "VIENNA",
    "country": "US",
    "isPricingEnable": false,
    "currency": "$"
  }, {
    "posId": "31109",
    "hqId": "31109",
    "storeName": "JF INTERNATIONAL",
    "partnerId": null,
    "pricingStatus": [{
      "lobName": "iPhone",
      "status": 4
    }, {
      "lobName": "iPad",
      "status": 4
    }, {
      "lobName": "Mac",
      "status": 4
    }, {
      "lobName": "Watch",
      "status": 4
    }],
    "city": "COLUMBIA",
    "country": "US",
    "isPricingEnable": false,
    "currency": "$"
  }, {
    "posId": "31127",
    "hqId": "31127",
    "storeName": "MICRO/MAC",
    "partnerId": null,
    "pricingStatus": [{
      "lobName": "iPhone",
      "status": 4
    }, {
      "lobName": "iPad",
      "status": 4
    }, {
      "lobName": "Mac",
      "status": 4
    }, {
      "lobName": "Watch",
      "status": 4
    }],
    "city": "IRON MOUNTAIN",
    "country": "US",
    "isPricingEnable": false,
    "currency": "$"
  }, {
    "posId": "69478",
    "hqId": "1214872",
    "storeName": "UNIVERSITY OF WISCONSIN AT MADISON",
    "partnerId": null,
    "pricingStatus": [{
      "lobName": "iPhone",
      "status": 4
    }, {
      "lobName": "iPad",
      "status": 4
    }, {
      "lobName": "Mac",
      "status": 4
    }, {
      "lobName": "Watch",
      "status": 4
    }],
    "city": "MADISON",
    "country": "US",
    "isPricingEnable": false,
    "currency": "$"
  }, {
    "posId": "63132",
    "hqId": "63130",
    "storeName": "UNIVERSITY STORE COMPUTER SALES",
    "partnerId": null,
    "pricingStatus": [{
      "lobName": "iPhone",
      "status": 4
    }, {
      "lobName": "iPad",
      "status": 4
    }, {
      "lobName": "Mac",
      "status": 4
    }, {
      "lobName": "Watch",
      "status": 4
    }],
    "city": "PITTSBURGH",
    "country": "US",
    "isPricingEnable": false,
    "currency": "$"
  }, {
    "posId": "32882",
    "hqId": "32882",
    "storeName": "COMPUTER PROFESSIONALS USA INC",
    "partnerId": null,
    "pricingStatus": [{
      "lobName": "iPhone",
      "status": 4
    }, {
      "lobName": "iPad",
      "status": 4
    }, {
      "lobName": "Mac",
      "status": 4
    }, {
      "lobName": "Watch",
      "status": 4
    }],
    "city": "NEW YORK",
    "country": "US",
    "isPricingEnable": false,
    "currency": "$"
  }, {
    "posId": "63133",
    "hqId": "63133",
    "storeName": "UNIVERSITY OF CENTRAL FLORIDA",
    "partnerId": null,
    "pricingStatus": [{
      "lobName": "iPhone",
      "status": 4
    }, {
      "lobName": "iPad",
      "status": 4
    }, {
      "lobName": "Mac",
      "status": 4
    }, {
      "lobName": "Watch",
      "status": 4
    }],
    "city": "ORLANDO",
    "country": "US",
    "isPricingEnable": false,
    "currency": "$"
  }, {
    "posId": "63130",
    "hqId": "63130",
    "storeName": "CARNEGIE MELLON UNIVERSITY",
    "partnerId": null,
    "pricingStatus": [{
      "lobName": "iPhone",
      "status": 4
    }, {
      "lobName": "iPad",
      "status": 4
    }, {
      "lobName": "Mac",
      "status": 4
    }, {
      "lobName": "Watch",
      "status": 4
    }],
    "city": "PITTSBURGH",
    "country": "US",
    "isPricingEnable": false,
    "currency": "$"
  }, {
    "posId": "29987",
    "hqId": "29987",
    "storeName": "CHESAPEAKE SYSTEMS INC",
    "partnerId": null,
    "pricingStatus": [{
      "lobName": "iPhone",
      "status": 4
    }, {
      "lobName": "iPad",
      "status": 4
    }, {
      "lobName": "Mac",
      "status": 4
    }, {
      "lobName": "Watch",
      "status": 4
    }],
    "city": "BALTIMORE",
    "country": "US",
    "isPricingEnable": false,
    "currency": "$"
  }, {
    "posId": "29996",
    "hqId": "29996",
    "storeName": "BLISS COMPUTER SERVICES",
    "partnerId": null,
    "pricingStatus": [{
      "lobName": "iPhone",
      "status": 4
    }, {
      "lobName": "iPad",
      "status": 4
    }, {
      "lobName": "Mac",
      "status": 4
    }, {
      "lobName": "Watch",
      "status": 4
    }],
    "city": "JACKSON",
    "country": "US",
    "isPricingEnable": false,
    "currency": "$"
  }, {
    "posId": "63136",
    "hqId": "63135",
    "storeName": "DOIT TECH STORE",
    "partnerId": null,
    "pricingStatus": [{
      "lobName": "iPhone",
      "status": 4
    }, {
      "lobName": "iPad",
      "status": 4
    }, {
      "lobName": "Mac",
      "status": 4
    }, {
      "lobName": "Watch",
      "status": 4
    }],
    "city": "MADISON",
    "country": "US",
    "isPricingEnable": false,
    "currency": "$"
  }, {
    "posId": "32867",
    "hqId": "32864",
    "storeName": "COMPUTERS DE TAOS",
    "partnerId": null,
    "pricingStatus": [{
      "lobName": "iPhone",
      "status": 4
    }, {
      "lobName": "iPad",
      "status": 4
    }, {
      "lobName": "Mac",
      "status": 4
    }, {
      "lobName": "Watch",
      "status": 4
    }],
    "city": "TAOS",
    "country": "US",
    "isPricingEnable": false,
    "currency": "$"
  }, {
    "posId": "30014",
    "hqId": "93874",
    "storeName": "AVALIVE TRIANGLE VISUAL INTERACTIVE",
    "partnerId": null,
    "pricingStatus": [{
      "lobName": "iPhone",
      "status": 4
    }, {
      "lobName": "iPad",
      "status": 4
    }, {
      "lobName": "Mac",
      "status": 4
    }, {
      "lobName": "Watch",
      "status": 4
    }],
    "city": "RALEIGH",
    "country": "US",
    "isPricingEnable": false,
    "currency": "$"
  }, {
    "posId": "31189",
    "hqId": "31189",
    "storeName": "VTS MARKETING INTERNATIONAL, LTD.",
    "partnerId": null,
    "pricingStatus": [{
      "lobName": "iPhone",
      "status": 4
    }, {
      "lobName": "iPad",
      "status": 4
    }, {
      "lobName": "Mac",
      "status": 4
    }, {
      "lobName": "Watch",
      "status": 4
    }],
    "city": "IOWA CITY",
    "country": "US",
    "isPricingEnable": false,
    "currency": "$"
  }, {
    "posId": "31140",
    "hqId": "31140",
    "storeName": "AFTER DARK ENTERPRISES INC",
    "partnerId": null,
    "pricingStatus": [{
      "lobName": "iPhone",
      "status": 4
    }, {
      "lobName": "iPad",
      "status": 4
    }, {
      "lobName": "Mac",
      "status": 4
    }, {
      "lobName": "Watch",
      "status": 4
    }],
    "city": "LAKE FOREST,",
    "country": "US",
    "isPricingEnable": false,
    "currency": "$"
  }, {
    "posId": "21790",
    "hqId": "21790",
    "storeName": "INACOM INFORMATION SYSTEMS",
    "partnerId": null,
    "pricingStatus": [{
      "lobName": "iPhone",
      "status": 4
    }, {
      "lobName": "iPad",
      "status": 4
    }, {
      "lobName": "Mac",
      "status": 4
    }, {
      "lobName": "Watch",
      "status": 4
    }],
    "city": "DANVILLE",
    "country": "US",
    "isPricingEnable": false,
    "currency": "$"
  }, {
    "posId": "31204",
    "hqId": "31204",
    "storeName": "GE MEDICAL SYSTEMS",
    "partnerId": null,
    "pricingStatus": [{
      "lobName": "iPhone",
      "status": 4
    }, {
      "lobName": "iPad",
      "status": 4
    }, {
      "lobName": "Mac",
      "status": 4
    }, {
      "lobName": "Watch",
      "status": 4
    }],
    "city": "MOUNT PROSPECT",
    "country": "US",
    "isPricingEnable": false,
    "currency": "$"
  }, {
    "posId": "31138",
    "hqId": "31138",
    "storeName": "BLACK MARLIN ED RESOURCES",
    "partnerId": null,
    "pricingStatus": [{
      "lobName": "iPhone",
      "status": 4
    }, {
      "lobName": "iPad",
      "status": 4
    }, {
      "lobName": "Mac",
      "status": 4
    }, {
      "lobName": "Watch",
      "status": 4
    }],
    "city": "BOGART",
    "country": "US",
    "isPricingEnable": false,
    "currency": "$"
  }, {
    "posId": "35035",
    "hqId": "31204",
    "storeName": "GE MEDICAL SYSTEMS",
    "partnerId": null,
    "pricingStatus": [{
      "lobName": "iPhone",
      "status": 4
    }, {
      "lobName": "iPad",
      "status": 4
    }, {
      "lobName": "Mac",
      "status": 4
    }, {
      "lobName": "Watch",
      "status": 4
    }],
    "city": "FORT MYERS",
    "country": "US",
    "isPricingEnable": false,
    "currency": "$"
  }, {
    "posId": "30013",
    "hqId": "30013",
    "storeName": "MEGATECH CO",
    "partnerId": null,
    "pricingStatus": [{
      "lobName": "iPhone",
      "status": 4
    }, {
      "lobName": "iPad",
      "status": 4
    }, {
      "lobName": "Mac",
      "status": 4
    }, {
      "lobName": "Watch",
      "status": 4
    }],
    "city": "HILTON HEAD",
    "country": "US",
    "isPricingEnable": false,
    "currency": "$"
  }, {
    "posId": "30011",
    "hqId": "46552",
    "storeName": "SMALL COMPANY",
    "partnerId": null,
    "pricingStatus": [{
      "lobName": "iPhone",
      "status": 4
    }, {
      "lobName": "iPad",
      "status": 4
    }, {
      "lobName": "Mac",
      "status": 4
    }, {
      "lobName": "Watch",
      "status": 4
    }],
    "city": "ORLANDO",
    "country": "US",
    "isPricingEnable": false,
    "currency": "$"
  }, {
    "posId": "32917",
    "hqId": "32917",
    "storeName": "COMPUCORP INFORMATION SYSTEMS INC",
    "partnerId": null,
    "pricingStatus": [{
      "lobName": "iPhone",
      "status": 4
    }, {
      "lobName": "iPad",
      "status": 4
    }, {
      "lobName": "Mac",
      "status": 4
    }, {
      "lobName": "Watch",
      "status": 4
    }],
    "city": "TUKWILA",
    "country": "US",
    "isPricingEnable": false,
    "currency": "$"
  }, {
    "posId": "32905",
    "hqId": "32905",
    "storeName": "HORIZON COMPUTER RESOURCES",
    "partnerId": null,
    "pricingStatus": [{
      "lobName": "iPhone",
      "status": 4
    }, {
      "lobName": "iPad",
      "status": 4
    }, {
      "lobName": "Mac",
      "status": 4
    }, {
      "lobName": "Watch",
      "status": 4
    }],
    "city": "SAN DIEGO",
    "country": "US",
    "isPricingEnable": false,
    "currency": "$"
  }, {
    "posId": "31218",
    "hqId": "31218",
    "storeName": "EASTERN COMPUTER SALES",
    "partnerId": null,
    "pricingStatus": [{
      "lobName": "iPhone",
      "status": 4
    }, {
      "lobName": "iPad",
      "status": 4
    }, {
      "lobName": "Mac",
      "status": 4
    }, {
      "lobName": "Watch",
      "status": 4
    }],
    "city": "RONKONKOMA",
    "country": "US",
    "isPricingEnable": false,
    "currency": "$"
  }, {
    "posId": "16016",
    "hqId": "16016",
    "storeName": "ENVISION TECHNOLOGY CORP",
    "partnerId": null,
    "pricingStatus": [{
      "lobName": "iPhone",
      "status": 4
    }, {
      "lobName": "iPad",
      "status": 4
    }, {
      "lobName": "Mac",
      "status": 4
    }, {
      "lobName": "Watch",
      "status": 4
    }],
    "city": "EL PASO",
    "country": "US",
    "isPricingEnable": false,
    "currency": "$"
  }, {
    "posId": "32909",
    "hqId": "32909",
    "storeName": "MACEXPERTS OF CALIFORNIA",
    "partnerId": null,
    "pricingStatus": [{
      "lobName": "iPhone",
      "status": 4
    }, {
      "lobName": "iPad",
      "status": 4
    }, {
      "lobName": "Mac",
      "status": 4
    }, {
      "lobName": "Watch",
      "status": 4
    }],
    "city": "VENICE",
    "country": "US",
    "isPricingEnable": false,
    "currency": "$"
  }, {
    "posId": "63021",
    "hqId": "31230",
    "storeName": "SCHOOL COMPUTER.COM",
    "partnerId": null,
    "pricingStatus": [{
      "lobName": "iPhone",
      "status": 4
    }, {
      "lobName": "iPad",
      "status": 4
    }, {
      "lobName": "Mac",
      "status": 4
    }, {
      "lobName": "Watch",
      "status": 4
    }],
    "city": "DUNWOODY",
    "country": "US",
    "isPricingEnable": false,
    "currency": "$"
  }, {
    "posId": "32913",
    "hqId": "32888",
    "storeName": "COMPUCARE INC",
    "partnerId": null,
    "pricingStatus": [{
      "lobName": "iPhone",
      "status": 4
    }, {
      "lobName": "iPad",
      "status": 4
    }, {
      "lobName": "Mac",
      "status": 4
    }, {
      "lobName": "Watch",
      "status": 4
    }],
    "city": "BELLNGHAM",
    "country": "US",
    "isPricingEnable": false,
    "currency": "$"
  }, {
    "posId": "31220",
    "hqId": "31220",
    "storeName": "ELECTRONIC IMAGE",
    "partnerId": null,
    "pricingStatus": [{
      "lobName": "iPhone",
      "status": 4
    }, {
      "lobName": "iPad",
      "status": 4
    }, {
      "lobName": "Mac",
      "status": 4
    }, {
      "lobName": "Watch",
      "status": 4
    }],
    "city": "CONCORD",
    "country": "US",
    "isPricingEnable": false,
    "currency": "$"
  }, {
    "posId": "32910",
    "hqId": "32910",
    "storeName": "IKE MAC INC",
    "partnerId": null,
    "pricingStatus": [{
      "lobName": "iPhone",
      "status": 4
    }, {
      "lobName": "iPad",
      "status": 4
    }, {
      "lobName": "Mac",
      "status": 4
    }, {
      "lobName": "Watch",
      "status": 4
    }],
    "city": "LOS ANGELES",
    "country": "US",
    "isPricingEnable": false,
    "currency": "$"
  }, {
    "posId": "32955",
    "hqId": "32955",
    "storeName": "AMERICAN COLOR CREATIVE SERVICES HOUSTON",
    "partnerId": null,
    "pricingStatus": [{
      "lobName": "iPhone",
      "status": 4
    }, {
      "lobName": "iPad",
      "status": 4
    }, {
      "lobName": "Mac",
      "status": 4
    }, {
      "lobName": "Watch",
      "status": 4
    }],
    "city": "HOUSTON",
    "country": "US",
    "isPricingEnable": false,
    "currency": "$"
  }, {
    "posId": "110842",
    "hqId": "32934",
    "storeName": "RELIABLE COMPUTERS & CONSULTING INC",
    "partnerId": null,
    "pricingStatus": [{
      "lobName": "iPhone",
      "status": 4
    }, {
      "lobName": "iPad",
      "status": 4
    }, {
      "lobName": "Mac",
      "status": 4
    }, {
      "lobName": "Watch",
      "status": 4
    }],
    "city": "BANGOR",
    "country": "US",
    "isPricingEnable": false,
    "currency": "$"
  }, {
    "posId": "29116",
    "hqId": "29116",
    "storeName": "HEALTHEXPERT SYSTEMS INC",
    "partnerId": null,
    "pricingStatus": [{
      "lobName": "iPhone",
      "status": 4
    }, {
      "lobName": "iPad",
      "status": 4
    }, {
      "lobName": "Mac",
      "status": 4
    }, {
      "lobName": "Watch",
      "status": 4
    }],
    "city": "TAMPA",
    "country": "US",
    "isPricingEnable": false,
    "currency": "$"
  }, {
    "posId": "32936",
    "hqId": "32936",
    "storeName": "NORTH POLE ELECTRONICS",
    "partnerId": null,
    "pricingStatus": [{
      "lobName": "iPhone",
      "status": 4
    }, {
      "lobName": "iPad",
      "status": 4
    }, {
      "lobName": "Mac",
      "status": 4
    }, {
      "lobName": "Watch",
      "status": 4
    }],
    "city": "NORTH POLE",
    "country": "US",
    "isPricingEnable": false,
    "currency": "$"
  }, {
    "posId": "29120",
    "hqId": "29120",
    "storeName": "FOX RIVER GRAPHICS",
    "partnerId": null,
    "pricingStatus": [{
      "lobName": "iPhone",
      "status": 4
    }, {
      "lobName": "iPad",
      "status": 4
    }, {
      "lobName": "Mac",
      "status": 4
    }, {
      "lobName": "Watch",
      "status": 4
    }],
    "city": "W. DUNDEE",
    "country": "US",
    "isPricingEnable": false,
    "currency": "$"
  }, {
    "posId": "29105",
    "hqId": "29105",
    "storeName": "OAHU SOFTWARE MILL",
    "partnerId": null,
    "pricingStatus": [{
      "lobName": "iPhone",
      "status": 4
    }, {
      "lobName": "iPad",
      "status": 4
    }, {
      "lobName": "Mac",
      "status": 4
    }, {
      "lobName": "Watch",
      "status": 4
    }],
    "city": "HONOLULU",
    "country": "US",
    "isPricingEnable": false,
    "currency": "$"
  }, {
    "posId": "29103",
    "hqId": "29103",
    "storeName": "GLOBAL FORUM",
    "partnerId": null,
    "pricingStatus": [{
      "lobName": "iPhone",
      "status": 4
    }, {
      "lobName": "iPad",
      "status": 4
    }, {
      "lobName": "Mac",
      "status": 4
    }, {
      "lobName": "Watch",
      "status": 4
    }],
    "city": "SAN FRANCISCO",
    "country": "US",
    "isPricingEnable": false,
    "currency": "$"
  }, {
    "posId": "29102",
    "hqId": "29102",
    "storeName": "SFA NETWORKS INC",
    "partnerId": null,
    "pricingStatus": [{
      "lobName": "iPhone",
      "status": 4
    }, {
      "lobName": "iPad",
      "status": 4
    }, {
      "lobName": "Mac",
      "status": 4
    }, {
      "lobName": "Watch",
      "status": 4
    }],
    "city": "LANDOVER",
    "country": "US",
    "isPricingEnable": false,
    "currency": "$"
  }, {
    "posId": "32932",
    "hqId": "32932",
    "storeName": "THE MACDOCTOR",
    "partnerId": null,
    "pricingStatus": [{
      "lobName": "iPhone",
      "status": 4
    }, {
      "lobName": "iPad",
      "status": 4
    }, {
      "lobName": "Mac",
      "status": 4
    }, {
      "lobName": "Watch",
      "status": 4
    }],
    "city": "LAS CRUCES",
    "country": "US",
    "isPricingEnable": false,
    "currency": "$"
  }, {
    "posId": "30060",
    "hqId": "30060",
    "storeName": "ADVANCED COMPUTER TECHNOLOGIES OF NW FL, INC.",
    "partnerId": null,
    "pricingStatus": [{
      "lobName": "iPhone",
      "status": 4
    }, {
      "lobName": "iPad",
      "status": 4
    }, {
      "lobName": "Mac",
      "status": 4
    }, {
      "lobName": "Watch",
      "status": 4
    }],
    "city": "PENSOCOLA",
    "country": "US",
    "isPricingEnable": false,
    "currency": "$"
  }, {
    "posId": "31257",
    "hqId": "33281",
    "storeName": "ALLIANCE COMPUTER SYSTEMS INC",
    "partnerId": null,
    "pricingStatus": [{
      "lobName": "iPhone",
      "status": 4
    }, {
      "lobName": "iPad",
      "status": 4
    }, {
      "lobName": "Mac",
      "status": 4
    }, {
      "lobName": "Watch",
      "status": 4
    }],
    "city": "FREEPORT",
    "country": "US",
    "isPricingEnable": false,
    "currency": "$"
  }, {
    "posId": "30050",
    "hqId": "30050",
    "storeName": "MICHAEL GOODLEMAN CONSULTING",
    "partnerId": null,
    "pricingStatus": [{
      "lobName": "iPhone",
      "status": 4
    }, {
      "lobName": "iPad",
      "status": 4
    }, {
      "lobName": "Mac",
      "status": 4
    }, {
      "lobName": "Watch",
      "status": 4
    }],
    "city": "FAIRFIELD",
    "country": "US",
    "isPricingEnable": false,
    "currency": "$"
  }, {
    "posId": "30167",
    "hqId": "30167",
    "storeName": "COMPUTERLAND OF WOODBRIDGE",
    "partnerId": null,
    "pricingStatus": [{
      "lobName": "iPhone",
      "status": 4
    }, {
      "lobName": "iPad",
      "status": 4
    }, {
      "lobName": "Mac",
      "status": 4
    }, {
      "lobName": "Watch",
      "status": 4
    }],
    "city": "RICHMOND",
    "country": "US",
    "isPricingEnable": false,
    "currency": "$"
  }, {
    "posId": "30051",
    "hqId": "30051",
    "storeName": "TOWERY PUBLISHING, INC.",
    "partnerId": null,
    "pricingStatus": [{
      "lobName": "iPhone",
      "status": 4
    }, {
      "lobName": "iPad",
      "status": 4
    }, {
      "lobName": "Mac",
      "status": 4
    }, {
      "lobName": "Watch",
      "status": 4
    }],
    "city": "MEMPHIS",
    "country": "US",
    "isPricingEnable": false,
    "currency": "$"
  }, {
    "posId": "30056",
    "hqId": "30056",
    "storeName": "CONWAY OFFICE PRODUCTS",
    "partnerId": null,
    "pricingStatus": [{
      "lobName": "iPhone",
      "status": 4
    }, {
      "lobName": "iPad",
      "status": 4
    }, {
      "lobName": "Mac",
      "status": 4
    }, {
      "lobName": "Watch",
      "status": 4
    }],
    "city": "NASHUA",
    "country": "US",
    "isPricingEnable": false,
    "currency": "$"
  }, {
    "posId": "30032",
    "hqId": "30032",
    "storeName": "CACAPON GROUP",
    "partnerId": null,
    "pricingStatus": [{
      "lobName": "iPhone",
      "status": 4
    }, {
      "lobName": "iPad",
      "status": 4
    }, {
      "lobName": "Mac",
      "status": 4
    }, {
      "lobName": "Watch",
      "status": 4
    }],
    "city": "GREAT CACAPON",
    "country": "US",
    "isPricingEnable": false,
    "currency": "$"
  }, {
    "posId": "30026",
    "hqId": "30026",
    "storeName": "AG TRADING CO",
    "partnerId": null,
    "pricingStatus": [{
      "lobName": "iPhone",
      "status": 4
    }, {
      "lobName": "iPad",
      "status": 4
    }, {
      "lobName": "Mac",
      "status": 4
    }, {
      "lobName": "Watch",
      "status": 4
    }],
    "city": "SAN DIEGO",
    "country": "US",
    "isPricingEnable": false,
    "currency": "$"
  }, {
    "posId": "30021",
    "hqId": "30021",
    "storeName": "MACCESS",
    "partnerId": null,
    "pricingStatus": [{
      "lobName": "iPhone",
      "status": 4
    }, {
      "lobName": "iPad",
      "status": 4
    }, {
      "lobName": "Mac",
      "status": 4
    }, {
      "lobName": "Watch",
      "status": 4
    }],
    "city": "MULLICA HILL",
    "country": "US",
    "isPricingEnable": false,
    "currency": "$"
  }, {
    "posId": "31268",
    "hqId": "31268",
    "storeName": "JONATHAN JACOBS CONSULTING",
    "partnerId": null,
    "pricingStatus": [{
      "lobName": "iPhone",
      "status": 4
    }, {
      "lobName": "iPad",
      "status": 4
    }, {
      "lobName": "Mac",
      "status": 4
    }, {
      "lobName": "Watch",
      "status": 4
    }],
    "city": "WASHINGTON",
    "country": "US",
    "isPricingEnable": false,
    "currency": "$"
  }, {
    "posId": "64533",
    "hqId": "33281",
    "storeName": "ALLIANCE COMPUTER SYSTEMS",
    "partnerId": null,
    "pricingStatus": [{
      "lobName": "iPhone",
      "status": 4
    }, {
      "lobName": "iPad",
      "status": 4
    }, {
      "lobName": "Mac",
      "status": 4
    }, {
      "lobName": "Watch",
      "status": 4
    }],
    "city": "NEW YORK",
    "country": "US",
    "isPricingEnable": false,
    "currency": "$"
  }, {
    "posId": "32977",
    "hqId": "32969",
    "storeName": "PROSYS INFORMATION SYSTEMS",
    "partnerId": null,
    "pricingStatus": [{
      "lobName": "iPhone",
      "status": 4
    }, {
      "lobName": "iPad",
      "status": 4
    }, {
      "lobName": "Mac",
      "status": 4
    }, {
      "lobName": "Watch",
      "status": 4
    }],
    "city": "MIAMI",
    "country": "US",
    "isPricingEnable": false,
    "currency": "$"
  }, {
    "posId": "32972",
    "hqId": "32972",
    "storeName": "ACE COMPUTERS",
    "partnerId": null,
    "pricingStatus": [{
      "lobName": "iPhone",
      "status": 4
    }, {
      "lobName": "iPad",
      "status": 4
    }, {
      "lobName": "Mac",
      "status": 4
    }, {
      "lobName": "Watch",
      "status": 4
    }],
    "city": "ARLINGTON HEIGHTS",
    "country": "US",
    "isPricingEnable": false,
    "currency": "$"
  }, {
    "posId": "31265",
    "hqId": "31265",
    "storeName": "THE LOGICAL CHOICE",
    "partnerId": null,
    "pricingStatus": [{
      "lobName": "iPhone",
      "status": 4
    }, {
      "lobName": "iPad",
      "status": 4
    }, {
      "lobName": "Mac",
      "status": 4
    }, {
      "lobName": "Watch",
      "status": 4
    }],
    "city": "LITTLETON",
    "country": "US",
    "isPricingEnable": false,
    "currency": "$"
  }, {
    "posId": "31275",
    "hqId": "31275",
    "storeName": "MACTALK",
    "partnerId": null,
    "pricingStatus": [{
      "lobName": "iPhone",
      "status": 4
    }, {
      "lobName": "iPad",
      "status": 4
    }, {
      "lobName": "Mac",
      "status": 4
    }, {
      "lobName": "Watch",
      "status": 4
    }],
    "city": "WOODLAND HILLS",
    "country": "US",
    "isPricingEnable": false,
    "currency": "$"
  }, {
    "posId": "31262",
    "hqId": "31262",
    "storeName": "THE MAC GUY",
    "partnerId": null,
    "pricingStatus": [{
      "lobName": "iPhone",
      "status": 4
    }, {
      "lobName": "iPad",
      "status": 4
    }, {
      "lobName": "Mac",
      "status": 4
    }, {
      "lobName": "Watch",
      "status": 4
    }],
    "city": "MURRIETA",
    "country": "US",
    "isPricingEnable": false,
    "currency": "$"
  }, {
    "posId": "32344",
    "hqId": "31275",
    "storeName": "MACTALK",
    "partnerId": null,
    "pricingStatus": [{
      "lobName": "iPhone",
      "status": 4
    }, {
      "lobName": "iPad",
      "status": 4
    }, {
      "lobName": "Mac",
      "status": 4
    }, {
      "lobName": "Watch",
      "status": 4
    }],
    "city": "VENTURA",
    "country": "US",
    "isPricingEnable": false,
    "currency": "$"
  }, {
    "posId": "33281",
    "hqId": "33281",
    "storeName": "COMPU MAC",
    "partnerId": null,
    "pricingStatus": [{
      "lobName": "iPhone",
      "status": 4
    }, {
      "lobName": "iPad",
      "status": 4
    }, {
      "lobName": "Mac",
      "status": 4
    }, {
      "lobName": "Watch",
      "status": 4
    }],
    "city": "WANTAGH",
    "country": "US",
    "isPricingEnable": false,
    "currency": "$"
  }, {
    "posId": "32988",
    "hqId": "32988",
    "storeName": "CORPORATE MICROSHOP INC",
    "partnerId": null,
    "pricingStatus": [{
      "lobName": "iPhone",
      "status": 4
    }, {
      "lobName": "iPad",
      "status": 4
    }, {
      "lobName": "Mac",
      "status": 4
    }, {
      "lobName": "Watch",
      "status": 4
    }],
    "city": "JAMAICA PLAIN",
    "country": "US",
    "isPricingEnable": false,
    "currency": "$"
  }, {
    "posId": "33022",
    "hqId": "33022",
    "storeName": "DEI CONNECTING POINT INC",
    "partnerId": null,
    "pricingStatus": [{
      "lobName": "iPhone",
      "status": 4
    }, {
      "lobName": "iPad",
      "status": 4
    }, {
      "lobName": "Mac",
      "status": 4
    }, {
      "lobName": "Watch",
      "status": 4
    }],
    "city": "WOODBRIDGE",
    "country": "US",
    "isPricingEnable": false,
    "currency": "$"
  }, {
    "posId": "33021",
    "hqId": "33021",
    "storeName": "ASIA TECH INC",
    "partnerId": null,
    "pricingStatus": [{
      "lobName": "iPhone",
      "status": 4
    }, {
      "lobName": "iPad",
      "status": 4
    }, {
      "lobName": "Mac",
      "status": 4
    }, {
      "lobName": "Watch",
      "status": 4
    }],
    "city": "VERO BEACH",
    "country": "US",
    "isPricingEnable": false,
    "currency": "$"
  }, {
    "posId": "30162",
    "hqId": "30162",
    "storeName": "SMART GALLERIES INTERNATIONAL, INC.",
    "partnerId": null,
    "pricingStatus": [{
      "lobName": "iPhone",
      "status": 4
    }, {
      "lobName": "iPad",
      "status": 4
    }, {
      "lobName": "Mac",
      "status": 4
    }, {
      "lobName": "Watch",
      "status": 4
    }],
    "city": "TEMPE,",
    "country": "US",
    "isPricingEnable": false,
    "currency": "$"
  }, {
    "posId": "30188",
    "hqId": "30188",
    "storeName": "ENTRE COMPUTER SERVICES",
    "partnerId": null,
    "pricingStatus": [{
      "lobName": "iPhone",
      "status": 4
    }, {
      "lobName": "iPad",
      "status": 4
    }, {
      "lobName": "Mac",
      "status": 4
    }, {
      "lobName": "Watch",
      "status": 4
    }],
    "city": "GRAND RAPIDS",
    "country": "US",
    "isPricingEnable": false,
    "currency": "$"
  }, {
    "posId": "30161",
    "hqId": "30161",
    "storeName": "AMERI COMP INC",
    "partnerId": null,
    "pricingStatus": [{
      "lobName": "iPhone",
      "status": 4
    }, {
      "lobName": "iPad",
      "status": 4
    }, {
      "lobName": "Mac",
      "status": 4
    }, {
      "lobName": "Watch",
      "status": 4
    }],
    "city": "TOPEKA",
    "country": "US",
    "isPricingEnable": false,
    "currency": "$"
  }, {
    "posId": "30243",
    "hqId": "30243",
    "storeName": "CAIN OFFICE SUPPLIERS INC",
    "partnerId": null,
    "pricingStatus": [{
      "lobName": "iPhone",
      "status": 4
    }, {
      "lobName": "iPad",
      "status": 4
    }, {
      "lobName": "Mac",
      "status": 4
    }, {
      "lobName": "Watch",
      "status": 4
    }],
    "city": "MERIDIAN",
    "country": "US",
    "isPricingEnable": false,
    "currency": "$"
  }, {
    "posId": "30259",
    "hqId": "30259",
    "storeName": "COMPUTER FREAKS",
    "partnerId": null,
    "pricingStatus": [{
      "lobName": "iPhone",
      "status": 4
    }, {
      "lobName": "iPad",
      "status": 4
    }, {
      "lobName": "Mac",
      "status": 4
    }, {
      "lobName": "Watch",
      "status": 4
    }],
    "city": "HALF MOON BAY",
    "country": "US",
    "isPricingEnable": false,
    "currency": "$"
  }, {
    "posId": "30194",
    "hqId": "30194",
    "storeName": "BRIDGE MICRO",
    "partnerId": null,
    "pricingStatus": [{
      "lobName": "iPhone",
      "status": 4
    }, {
      "lobName": "iPad",
      "status": 4
    }, {
      "lobName": "Mac",
      "status": 4
    }, {
      "lobName": "Watch",
      "status": 4
    }],
    "city": "SAN FRANCISCO",
    "country": "US",
    "isPricingEnable": false,
    "currency": "$"
  }, {
    "posId": "30198",
    "hqId": "30198",
    "storeName": "FUTURE BYTES",
    "partnerId": null,
    "pricingStatus": [{
      "lobName": "iPhone",
      "status": 4
    }, {
      "lobName": "iPad",
      "status": 4
    }, {
      "lobName": "Mac",
      "status": 4
    }, {
      "lobName": "Watch",
      "status": 4
    }],
    "city": "SANTA BARBARA",
    "country": "US",
    "isPricingEnable": false,
    "currency": "$"
  }, {
    "posId": "13972",
    "hqId": "13972",
    "storeName": "2 DAYS TECHNOLOGY",
    "partnerId": null,
    "pricingStatus": [{
      "lobName": "iPhone",
      "status": 4
    }, {
      "lobName": "iPad",
      "status": 4
    }, {
      "lobName": "Mac",
      "status": 4
    }, {
      "lobName": "Watch",
      "status": 4
    }],
    "city": "NORFOLK",
    "country": "US",
    "isPricingEnable": false,
    "currency": "$"
  }, {
    "posId": "30202",
    "hqId": "30202",
    "storeName": "ORIGIN SYSTEMS",
    "partnerId": null,
    "pricingStatus": [{
      "lobName": "iPhone",
      "status": 4
    }, {
      "lobName": "iPad",
      "status": 4
    }, {
      "lobName": "Mac",
      "status": 4
    }, {
      "lobName": "Watch",
      "status": 4
    }],
    "city": "CHICO",
    "country": "US",
    "isPricingEnable": false,
    "currency": "$"
  }, {
    "posId": "30205",
    "hqId": "30205",
    "storeName": "IMAGE TIME",
    "partnerId": null,
    "pricingStatus": [{
      "lobName": "iPhone",
      "status": 4
    }, {
      "lobName": "iPad",
      "status": 4
    }, {
      "lobName": "Mac",
      "status": 4
    }, {
      "lobName": "Watch",
      "status": 4
    }],
    "city": "GLENDORA",
    "country": "US",
    "isPricingEnable": false,
    "currency": "$"
  }, {
    "posId": "99434",
    "hqId": "30245",
    "storeName": "ISTORE",
    "partnerId": null,
    "pricingStatus": [{
      "lobName": "iPhone",
      "status": 4
    }, {
      "lobName": "iPad",
      "status": 4
    }, {
      "lobName": "Mac",
      "status": 4
    }, {
      "lobName": "Watch",
      "status": 4
    }],
    "city": "SCOTTSDALE",
    "country": "US",
    "isPricingEnable": false,
    "currency": "$"
  }, {
    "posId": "31284",
    "hqId": "31284",
    "storeName": "PCSOS",
    "partnerId": null,
    "pricingStatus": [{
      "lobName": "iPhone",
      "status": 4
    }, {
      "lobName": "iPad",
      "status": 4
    }, {
      "lobName": "Mac",
      "status": 4
    }, {
      "lobName": "Watch",
      "status": 4
    }],
    "city": "TUCSON",
    "country": "US",
    "isPricingEnable": false,
    "currency": "$"
  }, {
    "posId": "33053",
    "hqId": "33053",
    "storeName": "SOUTHWESTERN CAMERA COMPANY INC",
    "partnerId": null,
    "pricingStatus": [{
      "lobName": "iPhone",
      "status": 4
    }, {
      "lobName": "iPad",
      "status": 4
    }, {
      "lobName": "Mac",
      "status": 4
    }, {
      "lobName": "Watch",
      "status": 4
    }],
    "city": "HOUSTON",
    "country": "US",
    "isPricingEnable": false,
    "currency": "$"
  }, {
    "posId": "33029",
    "hqId": "33050",
    "storeName": "ROTHE COMPUTER SOLUTIONS",
    "partnerId": null,
    "pricingStatus": [{
      "lobName": "iPhone",
      "status": 4
    }, {
      "lobName": "iPad",
      "status": 4
    }, {
      "lobName": "Mac",
      "status": 4
    }, {
      "lobName": "Watch",
      "status": 4
    }],
    "city": "SAN ANTONIO",
    "country": "US",
    "isPricingEnable": false,
    "currency": "$"
  }, {
    "posId": "31371",
    "hqId": "31371",
    "storeName": "CLEARNET RESOURCES CORPORATION",
    "partnerId": null,
    "pricingStatus": [{
      "lobName": "iPhone",
      "status": 4
    }, {
      "lobName": "iPad",
      "status": 4
    }, {
      "lobName": "Mac",
      "status": 4
    }, {
      "lobName": "Watch",
      "status": 4
    }],
    "city": "TAMPA",
    "country": "US",
    "isPricingEnable": false,
    "currency": "$"
  }, {
    "posId": "31360",
    "hqId": "31360",
    "storeName": "KENEX SYSTEMS INC",
    "partnerId": null,
    "pricingStatus": [{
      "lobName": "iPhone",
      "status": 4
    }, {
      "lobName": "iPad",
      "status": 4
    }, {
      "lobName": "Mac",
      "status": 4
    }, {
      "lobName": "Watch",
      "status": 4
    }],
    "city": "SALT LAKE CITY",
    "country": "US",
    "isPricingEnable": false,
    "currency": "$"
  }, {
    "posId": "31350",
    "hqId": "31350",
    "storeName": "BDM EDUCATION TECHNOLOGIES",
    "partnerId": null,
    "pricingStatus": [{
      "lobName": "iPhone",
      "status": 4
    }, {
      "lobName": "iPad",
      "status": 4
    }, {
      "lobName": "Mac",
      "status": 4
    }, {
      "lobName": "Watch",
      "status": 4
    }],
    "city": "MCLEAN",
    "country": "US",
    "isPricingEnable": false,
    "currency": "$"
  }, {
    "posId": "31380",
    "hqId": "31319",
    "storeName": "ETC W/TCI INC",
    "partnerId": null,
    "pricingStatus": [{
      "lobName": "iPhone",
      "status": 4
    }, {
      "lobName": "iPad",
      "status": 4
    }, {
      "lobName": "Mac",
      "status": 4
    }, {
      "lobName": "Watch",
      "status": 4
    }],
    "city": "LITTLETON",
    "country": "US",
    "isPricingEnable": false,
    "currency": "$"
  }, {
    "posId": "31364",
    "hqId": "31364",
    "storeName": "WAVE CORPORATION",
    "partnerId": null,
    "pricingStatus": [{
      "lobName": "iPhone",
      "status": 4
    }, {
      "lobName": "iPad",
      "status": 4
    }, {
      "lobName": "Mac",
      "status": 4
    }, {
      "lobName": "Watch",
      "status": 4
    }],
    "city": "LONGWOOD,",
    "country": "US",
    "isPricingEnable": false,
    "currency": "$"
  }, {
    "posId": "31345",
    "hqId": "31345",
    "storeName": "YELCOT",
    "partnerId": null,
    "pricingStatus": [{
      "lobName": "iPhone",
      "status": 4
    }, {
      "lobName": "iPad",
      "status": 4
    }, {
      "lobName": "Mac",
      "status": 4
    }, {
      "lobName": "Watch",
      "status": 4
    }],
    "city": "MOUNTAIN HOME",
    "country": "US",
    "isPricingEnable": false,
    "currency": "$"
  }, {
    "posId": "31308",
    "hqId": "31308",
    "storeName": "IRASYS",
    "partnerId": null,
    "pricingStatus": [{
      "lobName": "iPhone",
      "status": 4
    }, {
      "lobName": "iPad",
      "status": 4
    }, {
      "lobName": "Mac",
      "status": 4
    }, {
      "lobName": "Watch",
      "status": 4
    }],
    "city": "COSTA MESA",
    "country": "US",
    "isPricingEnable": false,
    "currency": "$"
  }, {
    "posId": "33172",
    "hqId": "33172",
    "storeName": "CLARITY IT SOLUTIONS INC",
    "partnerId": null,
    "pricingStatus": [{
      "lobName": "iPhone",
      "status": 4
    }, {
      "lobName": "iPad",
      "status": 4
    }, {
      "lobName": "Mac",
      "status": 4
    }, {
      "lobName": "Watch",
      "status": 4
    }],
    "city": "WESTMINSTER",
    "country": "US",
    "isPricingEnable": false,
    "currency": "$"
  }, {
    "posId": "33082",
    "hqId": "33076",
    "storeName": "ARLINGTON COMPUTER PRODUCTS",
    "partnerId": null,
    "pricingStatus": [{
      "lobName": "iPhone",
      "status": 4
    }, {
      "lobName": "iPad",
      "status": 4
    }, {
      "lobName": "Mac",
      "status": 4
    }, {
      "lobName": "Watch",
      "status": 4
    }],
    "city": "NORCROSS",
    "country": "US",
    "isPricingEnable": false,
    "currency": "$"
  }, {
    "posId": "33055",
    "hqId": "33055",
    "storeName": "MODERN REMEDIES INC",
    "partnerId": null,
    "pricingStatus": [{
      "lobName": "iPhone",
      "status": 4
    }, {
      "lobName": "iPad",
      "status": 4
    }, {
      "lobName": "Mac",
      "status": 4
    }, {
      "lobName": "Watch",
      "status": 4
    }],
    "city": "FOUNTAIN HILLS",
    "country": "US",
    "isPricingEnable": false,
    "currency": "$"
  }, {
    "posId": "33114",
    "hqId": "33112",
    "storeName": "DATEL SYSTEMS INC",
    "partnerId": null,
    "pricingStatus": [{
      "lobName": "iPhone",
      "status": 4
    }, {
      "lobName": "iPad",
      "status": 4
    }, {
      "lobName": "Mac",
      "status": 4
    }, {
      "lobName": "Watch",
      "status": 4
    }],
    "city": "SAN MARCOS",
    "country": "US",
    "isPricingEnable": false,
    "currency": "$"
  }, {
    "posId": "33110",
    "hqId": "33110",
    "storeName": "VALUE AMERICA",
    "partnerId": null,
    "pricingStatus": [{
      "lobName": "iPhone",
      "status": 4
    }, {
      "lobName": "iPad",
      "status": 4
    }, {
      "lobName": "Mac",
      "status": 4
    }, {
      "lobName": "Watch",
      "status": 4
    }],
    "city": "CHARLOTTESVILLE",
    "country": "US",
    "isPricingEnable": false,
    "currency": "$"
  }, {
    "posId": "29264",
    "hqId": "29264",
    "storeName": "COMPUWAVE INC",
    "partnerId": null,
    "pricingStatus": [{
      "lobName": "iPhone",
      "status": 4
    }, {
      "lobName": "iPad",
      "status": 4
    }, {
      "lobName": "Mac",
      "status": 4
    }, {
      "lobName": "Watch",
      "status": 4
    }],
    "city": "BURLINGAME",
    "country": "US",
    "isPricingEnable": false,
    "currency": "$"
  }, {
    "posId": "29304",
    "hqId": "29304",
    "storeName": "HARDCORE SOFTWARE",
    "partnerId": null,
    "pricingStatus": [{
      "lobName": "iPhone",
      "status": 4
    }, {
      "lobName": "iPad",
      "status": 4
    }, {
      "lobName": "Mac",
      "status": 4
    }, {
      "lobName": "Watch",
      "status": 4
    }],
    "city": "KAILUA",
    "country": "US",
    "isPricingEnable": false,
    "currency": "$"
  }, {
    "posId": "33065",
    "hqId": "33065",
    "storeName": "FACE 2 FACE",
    "partnerId": null,
    "pricingStatus": [{
      "lobName": "iPhone",
      "status": 4
    }, {
      "lobName": "iPad",
      "status": 4
    }, {
      "lobName": "Mac",
      "status": 4
    }, {
      "lobName": "Watch",
      "status": 4
    }],
    "city": "NEW YORK",
    "country": "US",
    "isPricingEnable": false,
    "currency": "$"
  }, {
    "posId": "29299",
    "hqId": "29299",
    "storeName": "EPS",
    "partnerId": null,
    "pricingStatus": [{
      "lobName": "iPhone",
      "status": 4
    }, {
      "lobName": "iPad",
      "status": 4
    }, {
      "lobName": "Mac",
      "status": 4
    }, {
      "lobName": "Watch",
      "status": 4
    }],
    "city": "SIOUX FALLS",
    "country": "US",
    "isPricingEnable": false,
    "currency": "$"
  }, {
    "posId": "30289",
    "hqId": "30289",
    "storeName": "CREATIVE COMPUTER COLLECTIVE, THE",
    "partnerId": null,
    "pricingStatus": [{
      "lobName": "iPhone",
      "status": 4
    }, {
      "lobName": "iPad",
      "status": 4
    }, {
      "lobName": "Mac",
      "status": 4
    }, {
      "lobName": "Watch",
      "status": 4
    }],
    "city": "UNIONVILLE",
    "country": "US",
    "isPricingEnable": false,
    "currency": "$"
  }, {
    "posId": "30270",
    "hqId": "30270",
    "storeName": "PLAZA ARTIST MATERIALS, INC.",
    "partnerId": null,
    "pricingStatus": [{
      "lobName": "iPhone",
      "status": 4
    }, {
      "lobName": "iPad",
      "status": 4
    }, {
      "lobName": "Mac",
      "status": 4
    }, {
      "lobName": "Watch",
      "status": 4
    }],
    "city": "NEW YORK",
    "country": "US",
    "isPricingEnable": false,
    "currency": "$"
  }, {
    "posId": "30277",
    "hqId": "30277",
    "storeName": "AEROTEK RESOURCE CORP",
    "partnerId": null,
    "pricingStatus": [{
      "lobName": "iPhone",
      "status": 4
    }, {
      "lobName": "iPad",
      "status": 4
    }, {
      "lobName": "Mac",
      "status": 4
    }, {
      "lobName": "Watch",
      "status": 4
    }],
    "city": "DAYTONA BEACH",
    "country": "US",
    "isPricingEnable": false,
    "currency": "$"
  }, {
    "posId": "29307",
    "hqId": "29307",
    "storeName": "PRECYENT CORPORATION",
    "partnerId": null,
    "pricingStatus": [{
      "lobName": "iPhone",
      "status": 4
    }, {
      "lobName": "iPad",
      "status": 4
    }, {
      "lobName": "Mac",
      "status": 4
    }, {
      "lobName": "Watch",
      "status": 4
    }],
    "city": "BROOKLYN PARK",
    "country": "US",
    "isPricingEnable": false,
    "currency": "$"
  }, {
    "posId": "30265",
    "hqId": "30265",
    "storeName": "COMPUTER XTRAS XPRESS",
    "partnerId": null,
    "pricingStatus": [{
      "lobName": "iPhone",
      "status": 4
    }, {
      "lobName": "iPad",
      "status": 4
    }, {
      "lobName": "Mac",
      "status": 4
    }, {
      "lobName": "Watch",
      "status": 4
    }],
    "city": "SAN JOSE",
    "country": "US",
    "isPricingEnable": false,
    "currency": "$"
  }, {
    "posId": "30260",
    "hqId": "30260",
    "storeName": "AMERICAN OFFICE SERVICES",
    "partnerId": null,
    "pricingStatus": [{
      "lobName": "iPhone",
      "status": 4
    }, {
      "lobName": "iPad",
      "status": 4
    }, {
      "lobName": "Mac",
      "status": 4
    }, {
      "lobName": "Watch",
      "status": 4
    }],
    "city": "OMAHA",
    "country": "US",
    "isPricingEnable": false,
    "currency": "$"
  }, {
    "posId": "30290",
    "hqId": "30290",
    "storeName": "ADB ENTERPRISES INC",
    "partnerId": null,
    "pricingStatus": [{
      "lobName": "iPhone",
      "status": 4
    }, {
      "lobName": "iPad",
      "status": 4
    }, {
      "lobName": "Mac",
      "status": 4
    }, {
      "lobName": "Watch",
      "status": 4
    }],
    "city": "OCEANSIDE",
    "country": "US",
    "isPricingEnable": false,
    "currency": "$"
  }, {
    "posId": "30276",
    "hqId": "30276",
    "storeName": "SYSTEMS UNLIMITED",
    "partnerId": null,
    "pricingStatus": [{
      "lobName": "iPhone",
      "status": 4
    }, {
      "lobName": "iPad",
      "status": 4
    }, {
      "lobName": "Mac",
      "status": 4
    }, {
      "lobName": "Watch",
      "status": 4
    }],
    "city": "PITTSBURGH",
    "country": "US",
    "isPricingEnable": false,
    "currency": "$"
  }, {
    "posId": "30293",
    "hqId": "30293",
    "storeName": "SCSI",
    "partnerId": null,
    "pricingStatus": [{
      "lobName": "iPhone",
      "status": 4
    }, {
      "lobName": "iPad",
      "status": 4
    }, {
      "lobName": "Mac",
      "status": 4
    }, {
      "lobName": "Watch",
      "status": 4
    }],
    "city": "NEW YORK",
    "country": "US",
    "isPricingEnable": false,
    "currency": "$"
  }, {
    "posId": "29177",
    "hqId": "29177",
    "storeName": "UNITEK COMPUTER STORES",
    "partnerId": null,
    "pricingStatus": [{
      "lobName": "iPhone",
      "status": 4
    }, {
      "lobName": "iPad",
      "status": 4
    }, {
      "lobName": "Mac",
      "status": 4
    }, {
      "lobName": "Watch",
      "status": 4
    }],
    "city": "WEST LOS ANGELES",
    "country": "US",
    "isPricingEnable": false,
    "currency": "$"
  }, {
    "posId": "29176",
    "hqId": "29176",
    "storeName": "FORWARD VISION COMPUTERS, INC.",
    "partnerId": null,
    "pricingStatus": [{
      "lobName": "iPhone",
      "status": 4
    }, {
      "lobName": "iPad",
      "status": 4
    }, {
      "lobName": "Mac",
      "status": 4
    }, {
      "lobName": "Watch",
      "status": 4
    }],
    "city": "HONOLULU",
    "country": "US",
    "isPricingEnable": false,
    "currency": "$"
  }, {
    "posId": "30294",
    "hqId": "30294",
    "storeName": "INTEGRA COMPUTER SYSTEM",
    "partnerId": null,
    "pricingStatus": [{
      "lobName": "iPhone",
      "status": 4
    }, {
      "lobName": "iPad",
      "status": 4
    }, {
      "lobName": "Mac",
      "status": 4
    }, {
      "lobName": "Watch",
      "status": 4
    }],
    "city": "STATEN ISLAND",
    "country": "US",
    "isPricingEnable": false,
    "currency": "$"
  }, {
    "posId": "29183",
    "hqId": "29183",
    "storeName": "DSI VIDEO SYSTEMS, INC.",
    "partnerId": null,
    "pricingStatus": [{
      "lobName": "iPhone",
      "status": 4
    }, {
      "lobName": "iPad",
      "status": 4
    }, {
      "lobName": "Mac",
      "status": 4
    }, {
      "lobName": "Watch",
      "status": 4
    }],
    "city": "KENILWORTH",
    "country": "US",
    "isPricingEnable": false,
    "currency": "$"
  }, {
    "posId": "29185",
    "hqId": "29185",
    "storeName": "MICRO-LAND INDUSTRIES",
    "partnerId": null,
    "pricingStatus": [{
      "lobName": "iPhone",
      "status": 4
    }, {
      "lobName": "iPad",
      "status": 4
    }, {
      "lobName": "Mac",
      "status": 4
    }, {
      "lobName": "Watch",
      "status": 4
    }],
    "city": "SOUTH ORANGE",
    "country": "US",
    "isPricingEnable": false,
    "currency": "$"
  }, {
    "posId": "29188",
    "hqId": "29188",
    "storeName": "UNIVERSAL SOFTWARE, INC.",
    "partnerId": null,
    "pricingStatus": [{
      "lobName": "iPhone",
      "status": 4
    }, {
      "lobName": "iPad",
      "status": 4
    }, {
      "lobName": "Mac",
      "status": 4
    }, {
      "lobName": "Watch",
      "status": 4
    }],
    "city": "SOUTHFIELD",
    "country": "US",
    "isPricingEnable": false,
    "currency": "$"
  }, {
    "posId": "29168",
    "hqId": "29168",
    "storeName": "MICROAGE COMPUTER CENTER",
    "partnerId": null,
    "pricingStatus": [{
      "lobName": "iPhone",
      "status": 4
    }, {
      "lobName": "iPad",
      "status": 4
    }, {
      "lobName": "Mac",
      "status": 4
    }, {
      "lobName": "Watch",
      "status": 4
    }],
    "city": "MURRAY",
    "country": "US",
    "isPricingEnable": false,
    "currency": "$"
  }, {
    "posId": "29165",
    "hqId": "29165",
    "storeName": "IAN ASSCOCIATES",
    "partnerId": null,
    "pricingStatus": [{
      "lobName": "iPhone",
      "status": 4
    }, {
      "lobName": "iPad",
      "status": 4
    }, {
      "lobName": "Mac",
      "status": 4
    }, {
      "lobName": "Watch",
      "status": 4
    }],
    "city": "COLUMBIA",
    "country": "US",
    "isPricingEnable": false,
    "currency": "$"
  }, {
    "posId": "29173",
    "hqId": "29173",
    "storeName": "PACE SYSTEMS",
    "partnerId": null,
    "pricingStatus": [{
      "lobName": "iPhone",
      "status": 4
    }, {
      "lobName": "iPad",
      "status": 4
    }, {
      "lobName": "Mac",
      "status": 4
    }, {
      "lobName": "Watch",
      "status": 4
    }],
    "city": "LISLE",
    "country": "US",
    "isPricingEnable": false,
    "currency": "$"
  }, {
    "posId": "31591",
    "hqId": "31591",
    "storeName": "EDUCATIONAL TECHNOLOGY SOLUTIONS",
    "partnerId": null,
    "pricingStatus": [{
      "lobName": "iPhone",
      "status": 4
    }, {
      "lobName": "iPad",
      "status": 4
    }, {
      "lobName": "Mac",
      "status": 4
    }, {
      "lobName": "Watch",
      "status": 4
    }],
    "city": "LITTLEROCK",
    "country": "US",
    "isPricingEnable": false,
    "currency": "$"
  }, {
    "posId": "31595",
    "hqId": "31595",
    "storeName": "FLEGAL COMPUTER ASSOCS",
    "partnerId": null,
    "pricingStatus": [{
      "lobName": "iPhone",
      "status": 4
    }, {
      "lobName": "iPad",
      "status": 4
    }, {
      "lobName": "Mac",
      "status": 4
    }, {
      "lobName": "Watch",
      "status": 4
    }],
    "city": "CHATTANOOGA",
    "country": "US",
    "isPricingEnable": false,
    "currency": "$"
  }, {
    "posId": "29219",
    "hqId": "29219",
    "storeName": "THE COMPUTER MATE",
    "partnerId": null,
    "pricingStatus": [{
      "lobName": "iPhone",
      "status": 4
    }, {
      "lobName": "iPad",
      "status": 4
    }, {
      "lobName": "Mac",
      "status": 4
    }, {
      "lobName": "Watch",
      "status": 4
    }],
    "city": "WOODLAND HILLS",
    "country": "US",
    "isPricingEnable": false,
    "currency": "$"
  }, {
    "posId": "31586",
    "hqId": "31586",
    "storeName": "SOPHISTICATED SYSTEMS INC",
    "partnerId": null,
    "pricingStatus": [{
      "lobName": "iPhone",
      "status": 4
    }, {
      "lobName": "iPad",
      "status": 4
    }, {
      "lobName": "Mac",
      "status": 4
    }, {
      "lobName": "Watch",
      "status": 4
    }],
    "city": "COLUMBUS",
    "country": "US",
    "isPricingEnable": false,
    "currency": "$"
  }, {
    "posId": "31594",
    "hqId": "31594",
    "storeName": "ZONE COMPUTER COMPANY",
    "partnerId": null,
    "pricingStatus": [{
      "lobName": "iPhone",
      "status": 4
    }, {
      "lobName": "iPad",
      "status": 4
    }, {
      "lobName": "Mac",
      "status": 4
    }, {
      "lobName": "Watch",
      "status": 4
    }],
    "city": "SCARBOROUGH",
    "country": "US",
    "isPricingEnable": false,
    "currency": "$"
  }, {
    "posId": "31582",
    "hqId": "31582",
    "storeName": "BOREALIS COMMUNICATIONS LLC",
    "partnerId": null,
    "pricingStatus": [{
      "lobName": "iPhone",
      "status": 4
    }, {
      "lobName": "iPad",
      "status": 4
    }, {
      "lobName": "Mac",
      "status": 4
    }, {
      "lobName": "Watch",
      "status": 4
    }],
    "city": "ROGERS",
    "country": "US",
    "isPricingEnable": false,
    "currency": "$"
  }, {
    "posId": "29209",
    "hqId": "29209",
    "storeName": "COMPUTER GUY",
    "partnerId": null,
    "pricingStatus": [{
      "lobName": "iPhone",
      "status": 4
    }, {
      "lobName": "iPad",
      "status": 4
    }, {
      "lobName": "Mac",
      "status": 4
    }, {
      "lobName": "Watch",
      "status": 4
    }],
    "city": "ALTAMONTE SPRINGS",
    "country": "US",
    "isPricingEnable": false,
    "currency": "$"
  }, {
    "posId": "30160",
    "hqId": "30160",
    "storeName": "WHITE TECHNOLOGY GROUP",
    "partnerId": null,
    "pricingStatus": [{
      "lobName": "iPhone",
      "status": 4
    }, {
      "lobName": "iPad",
      "status": 4
    }, {
      "lobName": "Mac",
      "status": 4
    }, {
      "lobName": "Watch",
      "status": 4
    }],
    "city": "MEMPHIS",
    "country": "US",
    "isPricingEnable": false,
    "currency": "$"
  }, {
    "posId": "29210",
    "hqId": "29210",
    "storeName": "DHC INTERNATIONAL",
    "partnerId": null,
    "pricingStatus": [{
      "lobName": "iPhone",
      "status": 4
    }, {
      "lobName": "iPad",
      "status": 4
    }, {
      "lobName": "Mac",
      "status": 4
    }, {
      "lobName": "Watch",
      "status": 4
    }],
    "city": "SANDUSH",
    "country": "US",
    "isPricingEnable": false,
    "currency": "$"
  }, {
    "posId": "31602",
    "hqId": "31602",
    "storeName": "COMPUTER CONSULTANTS INCORPORATED",
    "partnerId": null,
    "pricingStatus": [{
      "lobName": "iPhone",
      "status": 4
    }, {
      "lobName": "iPad",
      "status": 4
    }, {
      "lobName": "Mac",
      "status": 4
    }, {
      "lobName": "Watch",
      "status": 4
    }],
    "city": "KANSAS CITY",
    "country": "US",
    "isPricingEnable": false,
    "currency": "$"
  }, {
    "posId": "29471",
    "hqId": "29471",
    "storeName": "AMERICAN COMPUTER OUTLET",
    "partnerId": null,
    "pricingStatus": [{
      "lobName": "iPhone",
      "status": 4
    }, {
      "lobName": "iPad",
      "status": 4
    }, {
      "lobName": "Mac",
      "status": 4
    }, {
      "lobName": "Watch",
      "status": 4
    }],
    "city": "CAMPBELL",
    "country": "US",
    "isPricingEnable": false,
    "currency": "$"
  }, {
    "posId": "56196",
    "hqId": "56196",
    "storeName": "INFOCON AMERICA CORP",
    "partnerId": null,
    "pricingStatus": [{
      "lobName": "iPhone",
      "status": 4
    }, {
      "lobName": "iPad",
      "status": 4
    }, {
      "lobName": "Mac",
      "status": 4
    }, {
      "lobName": "Watch",
      "status": 4
    }],
    "city": "LOS ANGELES",
    "country": "US",
    "isPricingEnable": false,
    "currency": "$"
  }, {
    "posId": "62803",
    "hqId": "62803",
    "storeName": "UNIVERSITY OF ARIZONA",
    "partnerId": null,
    "pricingStatus": [{
      "lobName": "iPhone",
      "status": 4
    }, {
      "lobName": "iPad",
      "status": 4
    }, {
      "lobName": "Mac",
      "status": 4
    }, {
      "lobName": "Watch",
      "status": 4
    }],
    "city": "TUCSON",
    "country": "US",
    "isPricingEnable": false,
    "currency": "$"
  }, {
    "posId": "61572",
    "hqId": "61572",
    "storeName": "TOOLFARM COM ",
    "partnerId": null,
    "pricingStatus": [{
      "lobName": "iPhone",
      "status": 4
    }, {
      "lobName": "iPad",
      "status": 4
    }, {
      "lobName": "Mac",
      "status": 4
    }, {
      "lobName": "Watch",
      "status": 4
    }],
    "city": "SAN FRANCISCO",
    "country": "US",
    "isPricingEnable": false,
    "currency": "$"
  }, {
    "posId": "29486",
    "hqId": "29486",
    "storeName": "LDI CORPORATION",
    "partnerId": null,
    "pricingStatus": [{
      "lobName": "iPhone",
      "status": 4
    }, {
      "lobName": "iPad",
      "status": 4
    }, {
      "lobName": "Mac",
      "status": 4
    }, {
      "lobName": "Watch",
      "status": 4
    }],
    "city": "CLEVELAND,",
    "country": "US",
    "isPricingEnable": false,
    "currency": "$"
  }, {
    "posId": "56375",
    "hqId": "56375",
    "storeName": "COLOR GRAPHICS",
    "partnerId": null,
    "pricingStatus": [{
      "lobName": "iPhone",
      "status": 4
    }, {
      "lobName": "iPad",
      "status": 4
    }, {
      "lobName": "Mac",
      "status": 4
    }, {
      "lobName": "Watch",
      "status": 4
    }],
    "city": "NANTUCKET",
    "country": "US",
    "isPricingEnable": false,
    "currency": "$"
  }, {
    "posId": "31599",
    "hqId": "31599",
    "storeName": "BRIAN TACY",
    "partnerId": null,
    "pricingStatus": [{
      "lobName": "iPhone",
      "status": 4
    }, {
      "lobName": "iPad",
      "status": 4
    }, {
      "lobName": "Mac",
      "status": 4
    }, {
      "lobName": "Watch",
      "status": 4
    }],
    "city": "FITZWILLIAM",
    "country": "US",
    "isPricingEnable": false,
    "currency": "$"
  }, {
    "posId": "29461",
    "hqId": "29461",
    "storeName": "POWERCITY",
    "partnerId": null,
    "pricingStatus": [{
      "lobName": "iPhone",
      "status": 4
    }, {
      "lobName": "iPad",
      "status": 4
    }, {
      "lobName": "Mac",
      "status": 4
    }, {
      "lobName": "Watch",
      "status": 4
    }],
    "city": "LUTZ",
    "country": "US",
    "isPricingEnable": false,
    "currency": "$"
  }, {
    "posId": "29498",
    "hqId": "29498",
    "storeName": "TREE MANAGEMENT SYSTEMS INC",
    "partnerId": null,
    "pricingStatus": [{
      "lobName": "iPhone",
      "status": 4
    }, {
      "lobName": "iPad",
      "status": 4
    }, {
      "lobName": "Mac",
      "status": 4
    }, {
      "lobName": "Watch",
      "status": 4
    }],
    "city": "BLOOMINGTON,",
    "country": "US",
    "isPricingEnable": false,
    "currency": "$"
  }, {
    "posId": "31323",
    "hqId": "30477",
    "storeName": "LIGHTSPAN PARTNERSHIP INC",
    "partnerId": null,
    "pricingStatus": [{
      "lobName": "iPhone",
      "status": 4
    }, {
      "lobName": "iPad",
      "status": 4
    }, {
      "lobName": "Mac",
      "status": 4
    }, {
      "lobName": "Watch",
      "status": 4
    }],
    "city": "CARLSBAD",
    "country": "US",
    "isPricingEnable": false,
    "currency": "$"
  }, {
    "posId": "29553",
    "hqId": "29553",
    "storeName": "PROTEK INFOSERVICES INC",
    "partnerId": null,
    "pricingStatus": [{
      "lobName": "iPhone",
      "status": 4
    }, {
      "lobName": "iPad",
      "status": 4
    }, {
      "lobName": "Mac",
      "status": 4
    }, {
      "lobName": "Watch",
      "status": 4
    }],
    "city": "LOS ANGELES",
    "country": "US",
    "isPricingEnable": false,
    "currency": "$"
  }, {
    "posId": "30478",
    "hqId": "30478",
    "storeName": "TCI DIGITAL SAT ENTRTN",
    "partnerId": null,
    "pricingStatus": [{
      "lobName": "iPhone",
      "status": 4
    }, {
      "lobName": "iPad",
      "status": 4
    }, {
      "lobName": "Mac",
      "status": 4
    }, {
      "lobName": "Watch",
      "status": 4
    }],
    "city": "ENGLEWOOD",
    "country": "US",
    "isPricingEnable": false,
    "currency": "$"
  }, {
    "posId": "30509",
    "hqId": "30509",
    "storeName": "CIS TECHNICAL SERVICES",
    "partnerId": null,
    "pricingStatus": [{
      "lobName": "iPhone",
      "status": 4
    }, {
      "lobName": "iPad",
      "status": 4
    }, {
      "lobName": "Mac",
      "status": 4
    }, {
      "lobName": "Watch",
      "status": 4
    }],
    "city": "NASHUA",
    "country": "US",
    "isPricingEnable": false,
    "currency": "$"
  }, {
    "posId": "30516",
    "hqId": "30516",
    "storeName": "ABEL SCREENING, INC.",
    "partnerId": null,
    "pricingStatus": [{
      "lobName": "iPhone",
      "status": 4
    }, {
      "lobName": "iPad",
      "status": 4
    }, {
      "lobName": "Mac",
      "status": 4
    }, {
      "lobName": "Watch",
      "status": 4
    }],
    "city": "ATLANTA",
    "country": "US",
    "isPricingEnable": false,
    "currency": "$"
  }, {
    "posId": "30488",
    "hqId": "30488",
    "storeName": "PRO-CARE, INC.",
    "partnerId": null,
    "pricingStatus": [{
      "lobName": "iPhone",
      "status": 4
    }, {
      "lobName": "iPad",
      "status": 4
    }, {
      "lobName": "Mac",
      "status": 4
    }, {
      "lobName": "Watch",
      "status": 4
    }],
    "city": "BALTIMORE",
    "country": "US",
    "isPricingEnable": false,
    "currency": "$"
  }, {
    "posId": "30484",
    "hqId": "30484",
    "storeName": "METRO SYSTEMS",
    "partnerId": null,
    "pricingStatus": [{
      "lobName": "iPhone",
      "status": 4
    }, {
      "lobName": "iPad",
      "status": 4
    }, {
      "lobName": "Mac",
      "status": 4
    }, {
      "lobName": "Watch",
      "status": 4
    }],
    "city": "SAN JOSE",
    "country": "US",
    "isPricingEnable": false,
    "currency": "$"
  }, {
    "posId": "29686",
    "hqId": "29555",
    "storeName": "TRW/BMC3",
    "partnerId": null,
    "pricingStatus": [{
      "lobName": "iPhone",
      "status": 4
    }, {
      "lobName": "iPad",
      "status": 4
    }, {
      "lobName": "Mac",
      "status": 4
    }, {
      "lobName": "Watch",
      "status": 4
    }],
    "city": "EL SEGUNDO",
    "country": "US",
    "isPricingEnable": false,
    "currency": "$"
  }, {
    "posId": "31618",
    "hqId": "31618",
    "storeName": "OCTOPUS COMPUTER SYSTEMS INC",
    "partnerId": null,
    "pricingStatus": [{
      "lobName": "iPhone",
      "status": 4
    }, {
      "lobName": "iPad",
      "status": 4
    }, {
      "lobName": "Mac",
      "status": 4
    }, {
      "lobName": "Watch",
      "status": 4
    }],
    "city": "PHILADELPHIA",
    "country": "US",
    "isPricingEnable": false,
    "currency": "$"
  }, {
    "posId": "31612",
    "hqId": "31612",
    "storeName": "INTERNET BUSINESS SYSTEMS INC",
    "partnerId": null,
    "pricingStatus": [{
      "lobName": "iPhone",
      "status": 4
    }, {
      "lobName": "iPad",
      "status": 4
    }, {
      "lobName": "Mac",
      "status": 4
    }, {
      "lobName": "Watch",
      "status": 4
    }],
    "city": "BLOOMFIELD",
    "country": "US",
    "isPricingEnable": false,
    "currency": "$"
  }, {
    "posId": "31606",
    "hqId": "31606",
    "storeName": "BUSINESS TECHNOLOGY SOLUTIONS, INC",
    "partnerId": null,
    "pricingStatus": [{
      "lobName": "iPhone",
      "status": 4
    }, {
      "lobName": "iPad",
      "status": 4
    }, {
      "lobName": "Mac",
      "status": 4
    }, {
      "lobName": "Watch",
      "status": 4
    }],
    "city": "POWELL",
    "country": "US",
    "isPricingEnable": false,
    "currency": "$"
  }, {
    "posId": "30517",
    "hqId": "30517",
    "storeName": "TELECOM SUPPORT SERVICES, INC.",
    "partnerId": null,
    "pricingStatus": [{
      "lobName": "iPhone",
      "status": 4
    }, {
      "lobName": "iPad",
      "status": 4
    }, {
      "lobName": "Mac",
      "status": 4
    }, {
      "lobName": "Watch",
      "status": 4
    }],
    "city": "ENGLEWOOD",
    "country": "US",
    "isPricingEnable": false,
    "currency": "$"
  }, {
    "posId": "32067",
    "hqId": "31637",
    "storeName": "ALDO COMPUTERS INC",
    "partnerId": null,
    "pricingStatus": [{
      "lobName": "iPhone",
      "status": 4
    }, {
      "lobName": "iPad",
      "status": 4
    }, {
      "lobName": "Mac",
      "status": 4
    }, {
      "lobName": "Watch",
      "status": 4
    }],
    "city": "LOS ANGELES",
    "country": "US",
    "isPricingEnable": false,
    "currency": "$"
  }, {
    "posId": "31609",
    "hqId": "31609",
    "storeName": "CYTEC CORPORATION",
    "partnerId": null,
    "pricingStatus": [{
      "lobName": "iPhone",
      "status": 4
    }, {
      "lobName": "iPad",
      "status": 4
    }, {
      "lobName": "Mac",
      "status": 4
    }, {
      "lobName": "Watch",
      "status": 4
    }],
    "city": "SAN ANTONIO",
    "country": "US",
    "isPricingEnable": false,
    "currency": "$"
  }, {
    "posId": "31623",
    "hqId": "31623",
    "storeName": "DIRECT DATA",
    "partnerId": null,
    "pricingStatus": [{
      "lobName": "iPhone",
      "status": 4
    }, {
      "lobName": "iPad",
      "status": 4
    }, {
      "lobName": "Mac",
      "status": 4
    }, {
      "lobName": "Watch",
      "status": 4
    }],
    "city": "BERTHA",
    "country": "US",
    "isPricingEnable": false,
    "currency": "$"
  }, {
    "posId": "31615",
    "hqId": "31615",
    "storeName": "MACSTUFF",
    "partnerId": null,
    "pricingStatus": [{
      "lobName": "iPhone",
      "status": 4
    }, {
      "lobName": "iPad",
      "status": 4
    }, {
      "lobName": "Mac",
      "status": 4
    }, {
      "lobName": "Watch",
      "status": 4
    }],
    "city": "TUCSON",
    "country": "US",
    "isPricingEnable": false,
    "currency": "$"
  }, {
    "posId": "31605",
    "hqId": "31605",
    "storeName": "LINE",
    "partnerId": null,
    "pricingStatus": [{
      "lobName": "iPhone",
      "status": 4
    }, {
      "lobName": "iPad",
      "status": 4
    }, {
      "lobName": "Mac",
      "status": 4
    }, {
      "lobName": "Watch",
      "status": 4
    }],
    "city": "GREENLAWN",
    "country": "US",
    "isPricingEnable": false,
    "currency": "$"
  }, {
    "posId": "71073",
    "hqId": "62852",
    "storeName": "PRINCE WILLIAM SOUND COMMUNITY COLLEGE",
    "partnerId": null,
    "pricingStatus": [{
      "lobName": "iPhone",
      "status": 4
    }, {
      "lobName": "iPad",
      "status": 4
    }, {
      "lobName": "Mac",
      "status": 4
    }, {
      "lobName": "Watch",
      "status": 4
    }],
    "city": "VALDEZ",
    "country": "US",
    "isPricingEnable": false,
    "currency": "$"
  }]
}
